point,date,time,species,repetition
CAT003,5/30/2002,844,ACFL,1
CAT003,6/7/2002,734,ACFL,2
CAT004,5/30/2002,813,ACFL,1
CAT004,6/7/2002,806,ACFL,2
CAT004,6/13/2002,706,ACFL,3
CAT013,6/7/2002,624,ACFL,2
CAT030,5/30/2002,609,ACFL,1
CAT030,5/30/2002,609,ACFL,1
CAT030,5/30/2002,609,ACFL,1
CAT030,6/8/2002,725,ACFL,2
CAT030,6/13/2002,857,ACFL,3
CAT040,6/12/2002,736,ACFL,2
CAT040,6/19/2002,748,ACFL,3
CAT040,6/19/2002,748,ACFL,3
CAT059,6/5/2002,637,ACFL,1
CAT059,6/20/2002,919,ACFL,2
CAT059,6/23/2002,645,ACFL,3
CAT061,6/23/2002,610,ACFL,3
CAT068,6/5/2002,808,ACFL,1
CAT068,6/19/2002,710,ACFL,3
CAT071,6/21/2002,715,ACFL,3
CAT082,6/5/2002,655,ACFL,1
CAT082,6/12/2002,900,ACFL,2
CAT082,6/12/2002,900,ACFL,2
CAT082,6/12/2002,900,ACFL,2
CAT082,6/19/2002,615,ACFL,3
CAT083,6/5/2002,721,ACFL,1
CAT083,6/12/2002,840,ACFL,2
CAT083,6/12/2002,840,ACFL,2
CAT083,6/19/2002,639,ACFL,3
CAT083,6/19/2002,639,ACFL,3
CAT090,6/5/2002,812,ACFL,1
CAT090,6/5/2002,812,ACFL,1
CAT090,6/20/2002,730,ACFL,2
CAT090,6/20/2002,730,ACFL,2
CAT093,5/31/2002,855,ACFL,1
CAT093,6/5/2002,843,ACFL,2
CAT093,6/5/2002,843,ACFL,2
CAT093,6/20/2002,652,ACFL,3
CAT100,6/5/2002,629,ACFL,1
CAT100,6/5/2002,629,ACFL,1
CAT100,6/12/2002,919,ACFL,2
CAT100,6/19/2002,552,ACFL,3
CAT100,6/19/2002,552,ACFL,3
CAT110,6/5/2002,901,ACFL,2
CAT110,6/20/2002,631,ACFL,3
CAT129,5/30/2002,855,ACFL,1
CAT129,6/5/2002,926,ACFL,2
CAT129,6/5/2002,926,ACFL,2
CAT129,6/20/2002,600,ACFL,3
CAT129,6/20/2002,600,ACFL,3
CAT134,5/24/2002,701,ACFL,1
CAT146,5/30/2002,800,ACFL,1
CAT146,6/20/2002,536,ACFL,3
CAT146,6/20/2002,536,ACFL,3
CAT146,6/20/2002,536,ACFL,3
CAT180,5/30/2002,645,ACFL,1
CAT180,6/15/2002,751,ACFL,3
CAT180,6/15/2002,751,ACFL,3
CAT293,6/22/2002,825,ACFL,3
CAT346,6/22/2002,558,ACFL,3
FCW065,6/12/2002,547,ACFL,3
FCW067,6/4/2002,649,ACFL,1
FCW067,6/12/2002,622,ACFL,2
FCW083,6/12/2002,802,ACFL,3
FCW085,6/4/2002,626,ACFL,2
FCW085,6/18/2002,900,ACFL,3
FCW129,6/4/2002,700,ACFL,1
FCW129,6/11/2002,615,ACFL,2
FCW129,6/18/2002,817,ACFL,3
FCW159,6/11/2002,726,ACFL,2
FCW159,6/18/2002,724,ACFL,3
FCW175,6/4/2002,814,ACFL,1
FCW175,6/4/2002,814,ACFL,1
FCW175,6/11/2002,757,ACFL,2
FCW175,6/18/2002,700,ACFL,3
FCW205,6/11/2002,840,ACFL,2
FCW249,6/8/2002,639,ACFL,1
FCW264,6/8/2002,736,ACFL,2
FCW274,5/31/2002,833,ACFL,1
FCW274,6/5/2002,735,ACFL,2
FCW274,6/16/2002,655,ACFL,3
FCW274,6/18/2002,620,ACFL,4
FCW274,6/18/2002,620,ACFL,4
FCW281,5/25/2002,854,ACFL,1
FCW281,6/5/2002,858,ACFL,2
FCW292,6/5/2002,830,ACFL,2
FCW299,5/31/2002,613,ACFL,1
FCW299,6/8/2002,834,ACFL,2
FCW299,6/8/2002,834,ACFL,2
FCW299,6/16/2002,913,ACFL,3
FCW311,5/31/2002,647,ACFL,1
FCW311,6/16/2002,854,ACFL,3
FCW311,6/16/2002,854,ACFL,3
FCW373,5/30/2002,825,ACFL,1
FCW373,6/18/2002,728,ACFL,4
FCW413,6/18/2002,949,ACFL,4
CAT023,6/3/2002,550,AMCR,1
CAT061,6/23/2002,610,AMCR,3
CAT175,6/19/2002,1000,AMCR,3
CAT179,5/30/2002,600,AMCR,1
CAT180,5/30/2002,645,AMCR,1
CAT181,5/30/2002,715,AMCR,1
CAT262,6/15/2002,904,AMCR,2
CAT264,6/3/2002,728,AMCR,1
FCW052,5/25/2002,621,AMCR,1
FCW082,6/4/2002,717,AMCR,1
FCW129,6/11/2002,615,AMCR,2
FCW182,6/18/2002,934,AMCR,3
FCW265,6/5/2002,632,AMCR,1
FCW311,5/31/2002,647,AMCR,1
FCW486,6/2/2002,702,AMCR,1
CAT023,6/3/2002,550,AMGO,1
CAT040,6/19/2002,748,AMGO,3
CAT090,6/20/2002,730,AMGO,2
CAT090,6/29/2002,641,AMGO,3
CAT110,6/20/2002,631,AMGO,3
CAT110,6/20/2002,631,AMGO,3
CAT129,6/20/2002,600,AMGO,3
CAT134,6/6/2002,617,AMGO,2
CAT146,5/30/2002,800,AMGO,1
CAT179,5/30/2002,600,AMGO,1
CAT179,6/15/2002,727,AMGO,3
CAT180,6/15/2002,751,AMGO,3
CAT181,5/30/2002,715,AMGO,1
CAT198,5/31/2002,805,AMGO,1
CAT198,6/7/2002,724,AMGO,2
CAT264,6/3/2002,728,AMGO,1
FCW082,6/4/2002,717,AMGO,1
FCW085,5/25/2002,751,AMGO,1
FCW099,6/4/2002,812,AMGO,1
FCW182,6/17/2002,810,AMGO,2
FCW249,6/18/2002,1013,AMGO,3
FCW264,6/5/2002,702,AMGO,1
FCW264,6/5/2002,702,AMGO,1
FCW264,6/8/2002,736,AMGO,2
FCW265,6/8/2002,715,AMGO,2
FCW281,5/25/2002,854,AMGO,1
FCW281,6/5/2002,858,AMGO,2
FCW292,6/5/2002,830,AMGO,2
FCW292,6/5/2002,830,AMGO,2
FCW292,6/17/2002,848,AMGO,4
FCW311,5/31/2002,647,AMGO,1
FCW379,6/17/2002,643,AMGO,3
FCW388,5/30/2002,550,AMGO,1
FCW486,6/17/2002,930,AMGO,3
FCW498,6/2/2002,740,AMGO,1
CAT013,5/30/2002,927,AMRE,1
CAT013,6/7/2002,624,AMRE,2
CAT017,6/13/2002,821,AMRE,3
CAT017,6/13/2002,821,AMRE,3
CAT023,6/3/2002,550,AMRE,1
CAT023,6/8/2002,842,AMRE,2
CAT023,6/13/2002,952,AMRE,3
CAT040,6/5/2002,858,AMRE,1
CAT040,6/19/2002,748,AMRE,3
CAT040,6/19/2002,748,AMRE,3
CAT040,6/19/2002,748,AMRE,3
CAT059,6/5/2002,637,AMRE,1
CAT071,6/5/2002,745,AMRE,1
CAT071,6/5/2002,745,AMRE,1
CAT071,6/20/2002,757,AMRE,2
CAT071,6/20/2002,757,AMRE,2
CAT110,5/31/2002,832,AMRE,1
CAT110,6/5/2002,901,AMRE,2
CAT110,6/20/2002,631,AMRE,3
CAT129,6/5/2002,926,AMRE,2
CAT134,6/6/2002,617,AMRE,2
CAT138,5/24/2002,801,AMRE,1
CAT146,5/30/2002,800,AMRE,1
CAT146,6/20/2002,536,AMRE,3
CAT179,5/30/2002,600,AMRE,1
CAT179,6/15/2002,727,AMRE,3
CAT179,6/15/2002,727,AMRE,3
CAT180,5/30/2002,645,AMRE,1
CAT181,6/15/2002,817,AMRE,3
FCW018,5/25/2002,711,AMRE,1
FCW052,5/25/2002,621,AMRE,1
FCW065,6/12/2002,547,AMRE,3
FCW082,6/4/2002,717,AMRE,1
FCW082,6/9/2002,806,AMRE,2
FCW082,6/12/2002,727,AMRE,2
FCW082,6/12/2002,727,AMRE,2
FCW085,5/25/2002,751,AMRE,1
FCW085,6/4/2002,626,AMRE,2
FCW085,6/18/2002,900,AMRE,3
FCW129,6/11/2002,615,AMRE,2
FCW159,6/4/2002,747,AMRE,1
FCW159,6/11/2002,726,AMRE,2
FCW159,6/18/2002,724,AMRE,3
FCW175,6/4/2002,814,AMRE,1
FCW175,6/11/2002,757,AMRE,2
FCW264,6/8/2002,736,AMRE,2
FCW299,5/31/2002,613,AMRE,1
FCW299,6/8/2002,834,AMRE,2
CAT023,6/3/2002,550,AMRO,1
CAT030,5/30/2002,609,AMRO,1
CAT071,6/5/2002,745,AMRO,1
CAT071,6/20/2002,757,AMRO,2
CAT082,6/19/2002,615,AMRO,3
CAT090,6/5/2002,812,AMRO,1
CAT093,5/31/2002,855,AMRO,1
CAT093,6/20/2002,652,AMRO,3
CAT146,6/20/2002,536,AMRO,3
CAT179,5/30/2002,600,AMRO,1
CAT179,6/15/2002,727,AMRO,3
CAT179,6/15/2002,727,AMRO,3
CAT180,6/15/2002,751,AMRO,3
CAT247,6/15/2002,947,AMRO,3
CAT247,6/15/2002,947,AMRO,3
CAT262,6/3/2002,653,AMRO,1
CAT269,5/31/2002,558,AMRO,1
CAT269,5/31/2002,558,AMRO,1
CAT269,6/19/2002,920,AMRO,3
CAT346,6/22/2002,558,AMRO,3
FCW486,6/6/2002,638,AMRO,2
FCW486,6/17/2002,930,AMRO,3
CAT017,5/30/2002,650,BAOR,1
CAT175,5/31/2002,640,BAWW,1
FCW018,5/25/2002,711,BAWW,1
FCW052,6/4/2002,621,BAWW,2
FCW052,6/12/2002,648,BAWW,4
FCW067,6/12/2002,622,BAWW,2
FCW082,6/4/2002,717,BAWW,1
FCW082,6/9/2002,806,BAWW,2
FCW082,6/12/2002,727,BAWW,2
FCW083,6/4/2002,837,BAWW,1
FCW083,6/12/2002,802,BAWW,3
FCW085,6/18/2002,900,BAWW,3
FCW099,6/4/2002,812,BAWW,1
FCW099,6/9/2002,711,BAWW,2
FCW099,6/12/2002,831,BAWW,3
FCW112,6/4/2002,747,BAWW,1
FCW112,6/9/2002,740,BAWW,2
FCW131,6/4/2002,920,BAWW,1
FCW131,7/2/2002,636,BAWW,3
FCW143,6/11/2002,644,BAWW,2
FCW143,6/11/2002,644,BAWW,2
FCW143,6/18/2002,750,BAWW,3
FCW159,6/4/2002,747,BAWW,1
FCW159,6/11/2002,726,BAWW,2
FCW175,6/4/2002,814,BAWW,1
FCW175,6/11/2002,757,BAWW,2
FCW175,6/18/2002,700,BAWW,3
FCW182,6/8/2002,605,BAWW,1
FCW182,6/17/2002,810,BAWW,2
FCW191,6/4/2002,923,BAWW,1
FCW191,6/11/2002,906,BAWW,2
FCW191,6/11/2002,906,BAWW,2
FCW205,6/4/2002,856,BAWW,1
FCW205,6/4/2002,856,BAWW,1
FCW205,6/11/2002,840,BAWW,2
FCW205,6/18/2002,600,BAWW,3
FCW249,6/8/2002,639,BAWW,1
FCW264,6/8/2002,736,BAWW,2
FCW265,6/5/2002,632,BAWW,1
FCW265,6/8/2002,715,BAWW,2
FCW265,6/16/2002,734,BAWW,3
FCW274,6/18/2002,620,BAWW,4
FCW274,6/18/2002,620,BAWW,4
FCW292,5/25/2002,835,BAWW,1
FCW299,5/31/2002,613,BAWW,1
FCW379,6/6/2002,947,BAWW,2
FCW379,6/6/2002,947,BAWW,2
FCW379,6/18/2002,845,BAWW,4
FCW388,5/30/2002,550,BAWW,1
FCW388,6/17/2002,602,BAWW,3
FCW413,5/30/2002,630,BAWW,1
FCW413,6/6/2002,914,BAWW,2
FCW413,6/17/2002,718,BAWW,3
CAT011,6/13/2002,754,BCCH,3
CAT093,6/5/2002,843,BEKI,2
CAT011,5/30/2002,726,BGGN,1
CAT011,6/13/2002,754,BGGN,3
CAT013,6/13/2002,540,BGGN,3
CAT013,6/13/2002,540,BGGN,3
CAT017,5/30/2002,650,BGGN,1
CAT040,6/5/2002,858,BGGN,1
CAT040,6/12/2002,736,BGGN,2
CAT040,6/19/2002,748,BGGN,3
CAT061,6/20/2002,1000,BGGN,2
CAT068,6/19/2002,710,BGGN,3
CAT146,5/30/2002,800,BGGN,1
CAT146,6/20/2002,536,BGGN,3
CAT180,6/15/2002,751,BGGN,3
CAT180,6/15/2002,751,BGGN,3
CAT264,6/15/2002,927,BGGN,3
FCW018,6/8/2002,534,BGGN,3
FCW085,6/4/2002,626,BGGN,2
FCW129,6/11/2002,615,BGGN,2
FCW159,6/4/2002,747,BGGN,1
FCW159,6/18/2002,724,BGGN,3
FCW182,6/8/2002,605,BGGN,1
FCW205,6/4/2002,856,BGGN,1
FCW264,6/16/2002,714,BGGN,3
FCW274,6/16/2002,655,BGGN,3
FCW274,6/16/2002,655,BGGN,3
FCW292,6/16/2002,622,BGGN,3
FCW292,6/16/2002,622,BGGN,3
FCW311,5/31/2002,647,BGGN,1
FCW373,5/30/2002,825,BGGN,1
FCW379,6/6/2002,947,BGGN,2
FCW388,6/17/2002,602,BGGN,3
CAT003,5/30/2002,844,BHCO,1
CAT003,6/7/2002,734,BHCO,2
CAT003,6/13/2002,643,BHCO,3
CAT004,5/30/2002,813,BHCO,1
CAT004,6/13/2002,706,BHCO,3
CAT013,5/30/2002,927,BHCO,1
CAT013,6/7/2002,624,BHCO,2
CAT017,5/30/2002,650,BHCO,1
CAT017,6/8/2002,641,BHCO,2
CAT023,6/3/2002,550,BHCO,1
CAT023,6/8/2002,842,BHCO,2
CAT030,6/8/2002,725,BHCO,2
CAT040,6/12/2002,736,BHCO,2
CAT040,6/19/2002,748,BHCO,3
CAT071,6/21/2002,715,BHCO,3
CAT083,6/19/2002,639,BHCO,3
CAT090,6/29/2002,641,BHCO,3
CAT110,5/31/2002,832,BHCO,1
CAT122,5/24/2002,831,BHCO,1
CAT129,5/30/2002,855,BHCO,1
CAT179,6/15/2002,727,BHCO,3
CAT181,5/30/2002,715,BHCO,1
CAT262,6/3/2002,653,BHCO,1
FCW082,6/4/2002,717,BHCO,1
FCW083,6/4/2002,837,BHCO,1
FCW085,5/25/2002,751,BHCO,1
FCW129,6/11/2002,615,BHCO,2
FCW129,6/18/2002,817,BHCO,3
FCW131,6/4/2002,920,BHCO,1
FCW159,6/11/2002,726,BHCO,2
FCW175,6/4/2002,814,BHCO,1
FCW264,6/5/2002,702,BHCO,1
FCW264,6/16/2002,714,BHCO,3
FCW265,6/5/2002,632,BHCO,1
FCW274,5/31/2002,833,BHCO,1
FCW311,5/31/2002,647,BHCO,1
FCW311,6/8/2002,853,BHCO,2
FCW311,6/16/2002,854,BHCO,3
FCW432,5/26/2002,722,BHCO,1
FCW432,6/17/2002,856,BHCO,3
FCW441,5/26/2002,655,BHCO,1
FCW441,6/17/2002,834,BHCO,3
FCW486,6/2/2002,702,BHCO,1
CAT003,5/30/2002,844,BLJA,1
CAT011,5/30/2002,726,BLJA,1
CAT011,6/13/2002,754,BLJA,3
CAT017,5/30/2002,650,BLJA,1
CAT017,6/13/2002,821,BLJA,3
CAT040,6/19/2002,748,BLJA,3
CAT061,6/23/2002,610,BLJA,3
CAT090,6/5/2002,812,BLJA,1
CAT090,6/5/2002,812,BLJA,1
CAT093,5/31/2002,855,BLJA,1
CAT122,5/24/2002,831,BLJA,1
CAT122,6/6/2002,732,BLJA,2
CAT138,5/24/2002,801,BLJA,1
CAT138,6/6/2002,701,BLJA,2
CAT146,6/20/2002,536,BLJA,3
CAT175,6/19/2002,1000,BLJA,3
CAT175,6/19/2002,1000,BLJA,3
CAT179,6/15/2002,727,BLJA,3
CAT180,5/30/2002,645,BLJA,1
CAT180,6/15/2002,751,BLJA,3
CAT180,6/15/2002,751,BLJA,3
CAT181,5/30/2002,715,BLJA,1
CAT247,6/15/2002,947,BLJA,3
CAT262,6/3/2002,653,BLJA,1
CAT262,6/15/2002,904,BLJA,2
CAT264,6/3/2002,728,BLJA,1
CAT269,6/19/2002,920,BLJA,3
CAT276,5/31/2002,731,BLJA,1
CAT293,5/31/2002,855,BLJA,1
CAT293,6/22/2002,825,BLJA,3
CAT346,5/31/2002,1015,BLJA,1
CAT346,5/31/2002,1015,BLJA,1
FCW052,6/4/2002,621,BLJA,2
FCW052,6/9/2002,848,BLJA,3
FCW082,6/12/2002,727,BLJA,2
FCW083,6/4/2002,837,BLJA,1
FCW083,6/9/2002,649,BLJA,2
FCW099,6/4/2002,812,BLJA,1
FCW099,6/4/2002,812,BLJA,1
FCW159,6/4/2002,747,BLJA,1
FCW159,6/18/2002,724,BLJA,3
FCW175,6/18/2002,700,BLJA,3
FCW191,6/4/2002,923,BLJA,1
FCW191,6/18/2002,628,BLJA,3
FCW205,6/18/2002,600,BLJA,3
FCW264,6/8/2002,736,BLJA,2
FCW264,6/16/2002,714,BLJA,3
FCW265,6/5/2002,632,BLJA,1
FCW281,6/5/2002,858,BLJA,2
FCW311,5/31/2002,647,BLJA,1
FCW379,5/30/2002,711,BLJA,1
FCW379,6/6/2002,947,BLJA,2
FCW379,6/17/2002,643,BLJA,3
FCW388,6/18/2002,808,BLJA,4
FCW413,6/17/2002,718,BLJA,3
FCW432,6/6/2002,723,BLJA,2
FCW432,6/17/2002,856,BLJA,3
FCW441,6/6/2002,743,BLJA,2
FCW441,6/17/2002,834,BLJA,3
FCW450,5/26/2002,627,BLJA,1
FCW450,6/6/2002,802,BLJA,2
FCW450,6/17/2002,810,BLJA,3
FCW486,6/17/2002,930,BLJA,3
FCW498,6/2/2002,740,BLJA,1
FCW498,6/2/2002,740,BLJA,1
FCW498,6/6/2002,607,BLJA,2
FCW498,6/17/2002,1005,BLJA,3
FCW175,6/11/2002,757,BWHA,2
CAT011,5/30/2002,726,CACH,1
CAT011,6/7/2002,914,CACH,2
CAT013,6/13/2002,540,CACH,3
CAT017,6/8/2002,641,CACH,2
CAT023,6/3/2002,550,CACH,1
CAT030,6/8/2002,725,CACH,2
CAT030,6/13/2002,857,CACH,3
CAT059,6/23/2002,645,CACH,3
CAT061,6/20/2002,1000,CACH,2
CAT071,6/21/2002,715,CACH,3
CAT082,6/12/2002,900,CACH,2
CAT082,6/12/2002,900,CACH,2
CAT082,6/19/2002,615,CACH,3
CAT093,6/20/2002,652,CACH,3
CAT110,5/31/2002,832,CACH,1
CAT129,5/30/2002,855,CACH,1
CAT134,6/6/2002,617,CACH,2
CAT138,5/24/2002,801,CACH,1
CAT138,6/6/2002,701,CACH,2
CAT179,5/30/2002,600,CACH,1
CAT179,6/15/2002,727,CACH,3
CAT180,5/30/2002,645,CACH,1
CAT181,5/30/2002,715,CACH,1
CAT198,5/31/2002,805,CACH,1
CAT247,6/3/2002,755,CACH,1
CAT264,6/3/2002,728,CACH,1
CAT346,5/31/2002,1015,CACH,1
CAT346,5/31/2002,1015,CACH,1
FCW065,5/25/2002,550,CACH,1
FCW083,6/4/2002,837,CACH,1
FCW143,6/18/2002,750,CACH,3
FCW159,6/11/2002,726,CACH,2
FCW264,6/8/2002,736,CACH,2
FCW274,6/5/2002,735,CACH,2
FCW281,6/17/2002,911,CACH,4
FCW292,6/17/2002,848,CACH,4
FCW379,6/18/2002,845,CACH,4
FCW388,6/17/2002,602,CACH,3
FCW413,6/18/2002,949,CACH,4
FCW432,6/6/2002,723,CACH,2
FCW432,6/17/2002,856,CACH,3
FCW441,6/17/2002,834,CACH,3
CAT003,6/13/2002,643,CARW,3
CAT011,6/7/2002,914,CARW,2
CAT013,6/7/2002,624,CARW,2
CAT017,5/30/2002,650,CARW,1
CAT017,6/8/2002,641,CARW,2
CAT023,6/3/2002,550,CARW,1
CAT040,6/12/2002,736,CARW,2
CAT040,6/19/2002,748,CARW,3
CAT082,6/19/2002,615,CARW,3
CAT100,6/19/2002,552,CARW,3
CAT179,5/30/2002,600,CARW,1
CAT179,6/15/2002,727,CARW,3
CAT181,6/15/2002,817,CARW,3
CAT346,6/22/2002,558,CARW,3
FCW131,7/2/2002,636,CARW,3
FCW265,6/5/2002,632,CARW,1
FCW379,6/17/2002,643,CARW,3
FCW379,6/18/2002,845,CARW,4
FCW441,6/6/2002,743,CARW,2
FCW441,6/17/2002,834,CARW,3
FCW498,6/17/2002,1005,CARW,3
CAT003,5/30/2002,844,CEDW,1
CAT011,5/30/2002,726,CEDW,1
CAT110,5/31/2002,832,CEDW,1
CAT134,5/24/2002,701,CEDW,1
CAT179,5/30/2002,600,CEDW,1
CAT179,6/15/2002,727,CEDW,3
CAT198,6/7/2002,724,CEDW,2
FCW018,6/5/2002,944,CEDW,2
FCW018,6/5/2002,944,CEDW,2
FCW018,6/8/2002,534,CEDW,3
FCW298,6/8/2002,817,CEDW,2
CAT013,5/30/2002,927,CERW,1
CAT013,6/13/2002,540,CERW,3
CAT023,6/3/2002,550,CERW,1
CAT023,6/13/2002,952,CERW,3
CAT040,6/5/2002,858,CERW,1
CAT040,6/19/2002,748,CERW,3
CAT059,6/20/2002,919,CERW,2
CAT068,6/19/2002,710,CERW,3
CAT071,6/5/2002,745,CERW,1
CAT082,6/19/2002,615,CERW,3
CAT122,6/6/2002,732,CERW,2
CAT138,6/6/2002,701,CERW,2
CAT146,5/30/2002,800,CERW,1
CAT146,6/20/2002,536,CERW,3
CAT179,5/30/2002,600,CERW,1
CAT180,6/15/2002,751,CERW,3
CAT179,5/30/2002,600,CHSP,1
CAT179,6/15/2002,727,CHSP,3
CAT179,6/15/2002,727,CHSP,3
FCW018,5/25/2002,711,CHSP,1
FCW018,6/5/2002,944,CHSP,2
FCW085,5/25/2002,751,CHSP,1
FCW085,6/4/2002,626,CHSP,2
FCW085,6/18/2002,900,CHSP,3
CAT110,5/31/2002,832,COGR,1
CAT180,6/15/2002,751,COGR,3
CAT264,6/3/2002,728,COGR,1
FCW052,6/9/2002,848,COYE,3
FCW085,6/4/2002,626,COYE,2
FCW085,6/18/2002,900,COYE,3
FCW264,6/5/2002,702,COYE,1
CAT004,6/13/2002,706,DOWO,3
CAT013,5/30/2002,927,DOWO,1
CAT030,6/8/2002,725,DOWO,2
CAT040,6/19/2002,748,DOWO,3
CAT071,6/5/2002,745,DOWO,1
CAT093,6/5/2002,843,DOWO,2
CAT093,6/20/2002,652,DOWO,3
CAT110,6/5/2002,901,DOWO,2
CAT129,6/5/2002,926,DOWO,2
CAT129,6/5/2002,926,DOWO,2
CAT129,6/20/2002,600,DOWO,3
CAT138,5/24/2002,801,DOWO,1
CAT138,6/12/2002,623,DOWO,3
CAT146,5/30/2002,800,DOWO,1
CAT179,6/15/2002,727,DOWO,3
CAT180,6/15/2002,751,DOWO,3
CAT181,6/15/2002,817,DOWO,3
CAT264,6/15/2002,927,DOWO,3
FCW082,6/9/2002,806,DOWO,2
FCW159,6/18/2002,724,DOWO,3
FCW159,6/18/2002,724,DOWO,3
FCW249,6/18/2002,1013,DOWO,3
FCW299,6/16/2002,913,DOWO,3
FCW311,6/8/2002,853,DOWO,2
FCW432,6/6/2002,723,DOWO,2
FCW486,6/6/2002,638,DOWO,2
FCW486,6/17/2002,930,DOWO,3
FCW498,6/6/2002,607,DOWO,2
CAT122,6/6/2002,732,EAPH,2
CAT138,6/12/2002,623,EAPH,3
CAT179,5/30/2002,600,EAPH,1
CAT011,5/30/2002,726,EATO,1
CAT011,6/7/2002,914,EATO,2
CAT013,5/30/2002,927,EATO,1
CAT013,6/7/2002,624,EATO,2
CAT013,6/13/2002,540,EATO,3
CAT017,5/30/2002,650,EATO,1
CAT017,6/13/2002,821,EATO,3
CAT023,6/3/2002,550,EATO,1
CAT023,6/8/2002,842,EATO,2
CAT023,6/13/2002,952,EATO,3
CAT040,6/5/2002,858,EATO,1
CAT040,6/19/2002,748,EATO,3
CAT071,6/5/2002,745,EATO,1
CAT071,6/5/2002,745,EATO,1
CAT071,6/20/2002,757,EATO,2
CAT082,6/19/2002,615,EATO,3
CAT134,5/24/2002,701,EATO,1
CAT138,5/24/2002,801,EATO,1
CAT179,5/30/2002,600,EATO,1
CAT179,6/15/2002,727,EATO,3
CAT180,5/30/2002,645,EATO,1
CAT180,6/15/2002,751,EATO,3
CAT181,5/30/2002,715,EATO,1
CAT181,6/15/2002,817,EATO,3
CAT262,6/3/2002,653,EATO,1
CAT276,5/31/2002,731,EATO,1
FCW018,5/25/2002,711,EATO,1
FCW052,6/9/2002,848,EATO,3
FCW067,6/4/2002,649,EATO,1
FCW082,6/12/2002,727,EATO,2
FCW085,5/25/2002,751,EATO,1
FCW085,6/4/2002,626,EATO,2
FCW085,6/18/2002,900,EATO,3
FCW085,6/18/2002,900,EATO,3
FCW099,6/4/2002,812,EATO,1
FCW099,6/9/2002,711,EATO,2
FCW099,6/12/2002,831,EATO,3
FCW099,6/12/2002,831,EATO,3
FCW112,6/4/2002,747,EATO,1
FCW112,6/9/2002,740,EATO,2
FCW112,6/12/2002,902,EATO,3
FCW112,6/12/2002,902,EATO,3
FCW143,6/4/2002,725,EATO,1
FCW143,6/11/2002,644,EATO,2
FCW143,6/18/2002,750,EATO,3
FCW264,6/16/2002,714,EATO,3
FCW265,6/5/2002,632,EATO,1
FCW265,6/8/2002,715,EATO,2
FCW265,6/16/2002,734,EATO,3
FCW292,6/17/2002,848,EATO,4
CAT003,5/30/2002,844,EAWP,1
CAT003,6/7/2002,734,EAWP,2
CAT004,5/30/2002,813,EAWP,1
CAT004,6/7/2002,806,EAWP,2
CAT011,5/30/2002,726,EAWP,1
CAT011,6/13/2002,754,EAWP,3
CAT017,5/30/2002,650,EAWP,1
CAT017,6/13/2002,821,EAWP,3
CAT023,6/3/2002,550,EAWP,1
CAT023,6/13/2002,952,EAWP,3
CAT030,5/30/2002,609,EAWP,1
CAT030,5/30/2002,609,EAWP,1
CAT030,6/8/2002,725,EAWP,2
CAT030,6/13/2002,857,EAWP,3
CAT040,6/12/2002,736,EAWP,2
CAT040,6/19/2002,748,EAWP,3
CAT059,6/5/2002,637,EAWP,1
CAT059,6/23/2002,645,EAWP,3
CAT061,6/20/2002,1000,EAWP,2
CAT068,6/5/2002,808,EAWP,1
CAT068,6/19/2002,710,EAWP,3
CAT071,6/5/2002,745,EAWP,1
CAT071,6/20/2002,757,EAWP,2
CAT082,6/12/2002,900,EAWP,2
CAT082,6/19/2002,615,EAWP,3
CAT082,6/19/2002,615,EAWP,3
CAT083,6/12/2002,840,EAWP,2
CAT083,6/19/2002,639,EAWP,3
CAT090,6/20/2002,730,EAWP,2
CAT090,6/20/2002,730,EAWP,2
CAT090,6/29/2002,641,EAWP,3
CAT093,6/5/2002,843,EAWP,2
CAT093,6/20/2002,652,EAWP,3
CAT100,6/5/2002,629,EAWP,1
CAT100,6/19/2002,552,EAWP,3
CAT122,5/24/2002,831,EAWP,1
CAT122,6/6/2002,732,EAWP,2
CAT122,6/12/2002,647,EAWP,3
CAT129,5/30/2002,855,EAWP,1
CAT129,6/20/2002,600,EAWP,3
CAT134,5/24/2002,701,EAWP,1
CAT134,5/24/2002,701,EAWP,1
CAT134,6/6/2002,617,EAWP,2
CAT134,6/12/2002,546,EAWP,3
CAT138,5/24/2002,801,EAWP,1
CAT138,6/6/2002,701,EAWP,2
CAT138,6/12/2002,623,EAWP,3
CAT146,5/30/2002,800,EAWP,1
CAT146,6/20/2002,536,EAWP,3
CAT146,6/20/2002,536,EAWP,3
CAT175,5/31/2002,640,EAWP,1
CAT175,6/19/2002,1000,EAWP,3
CAT181,5/30/2002,715,EAWP,1
CAT198,5/31/2002,805,EAWP,1
CAT198,6/22/2002,724,EAWP,3
CAT247,6/3/2002,755,EAWP,1
CAT247,6/15/2002,947,EAWP,3
CAT262,6/3/2002,653,EAWP,1
CAT262,6/15/2002,904,EAWP,2
CAT262,6/30/2002,715,EAWP,3
CAT264,6/3/2002,728,EAWP,1
CAT269,5/31/2002,558,EAWP,1
CAT269,5/31/2002,558,EAWP,1
CAT269,6/7/2002,847,EAWP,2
CAT269,6/19/2002,920,EAWP,3
CAT269,6/19/2002,920,EAWP,3
CAT276,5/31/2002,731,EAWP,1
CAT293,5/31/2002,855,EAWP,1
CAT293,6/7/2002,615,EAWP,2
CAT346,5/31/2002,1015,EAWP,1
CAT346,6/7/2002,546,EAWP,2
FCW018,6/8/2002,534,EAWP,3
FCW065,6/9/2002,536,EAWP,2
FCW065,6/12/2002,547,EAWP,3
FCW067,6/4/2002,649,EAWP,1
FCW085,5/25/2002,751,EAWP,1
FCW085,6/4/2002,626,EAWP,2
FCW085,6/18/2002,900,EAWP,3
FCW085,6/18/2002,900,EAWP,3
FCW129,6/11/2002,615,EAWP,2
FCW159,6/4/2002,747,EAWP,1
FCW159,6/18/2002,724,EAWP,3
FCW159,6/18/2002,724,EAWP,3
FCW175,6/4/2002,814,EAWP,1
FCW175,6/18/2002,700,EAWP,3
FCW175,6/18/2002,700,EAWP,3
FCW205,6/18/2002,600,EAWP,3
FCW249,6/8/2002,639,EAWP,1
FCW249,6/17/2002,706,EAWP,2
FCW249,6/18/2002,1013,EAWP,3
FCW264,6/5/2002,702,EAWP,1
FCW264,6/8/2002,736,EAWP,2
FCW264,6/16/2002,714,EAWP,3
FCW265,6/5/2002,632,EAWP,1
FCW265,6/8/2002,715,EAWP,2
FCW274,6/5/2002,735,EAWP,2
FCW281,6/5/2002,858,EAWP,2
FCW292,6/16/2002,622,EAWP,3
FCW298,5/31/2002,550,EAWP,1
FCW299,6/8/2002,834,EAWP,2
FCW299,6/16/2002,913,EAWP,3
FCW311,5/31/2002,647,EAWP,1
FCW311,6/8/2002,853,EAWP,2
FCW373,6/8/2002,955,EAWP,2
FCW388,6/6/2002,837,EAWP,2
FCW388,6/17/2002,602,EAWP,3
FCW432,5/26/2002,722,EAWP,1
FCW432,6/6/2002,723,EAWP,2
FCW432,6/17/2002,856,EAWP,3
FCW441,6/17/2002,834,EAWP,3
FCW450,6/6/2002,802,EAWP,2
FCW450,6/17/2002,810,EAWP,3
FCW486,6/2/2002,702,EAWP,1
FCW486,6/2/2002,702,EAWP,1
FCW486,6/6/2002,638,EAWP,2
FCW498,6/2/2002,740,EAWP,1
FCW498,6/2/2002,740,EAWP,1
FCW498,6/17/2002,1005,EAWP,3
FCW498,6/17/2002,1005,EAWP,3
CAT003,5/30/2002,844,ETTI,1
CAT004,5/30/2002,813,ETTI,1
CAT004,5/30/2002,813,ETTI,1
CAT011,5/30/2002,726,ETTI,1
CAT011,5/30/2002,726,ETTI,1
CAT011,6/7/2002,914,ETTI,2
CAT011,6/13/2002,754,ETTI,3
CAT013,5/30/2002,927,ETTI,1
CAT013,5/30/2002,927,ETTI,1
CAT017,5/30/2002,650,ETTI,1
CAT017,6/8/2002,641,ETTI,2
CAT023,6/3/2002,550,ETTI,1
CAT030,5/30/2002,609,ETTI,1
CAT040,6/5/2002,858,ETTI,1
CAT040,6/19/2002,748,ETTI,3
CAT059,6/5/2002,637,ETTI,1
CAT059,6/20/2002,919,ETTI,2
CAT061,6/20/2002,1000,ETTI,2
CAT061,6/20/2002,1000,ETTI,2
CAT068,6/5/2002,808,ETTI,1
CAT068,6/19/2002,710,ETTI,3
CAT071,6/5/2002,745,ETTI,1
CAT071,6/5/2002,745,ETTI,1
CAT071,6/20/2002,757,ETTI,2
CAT071,6/20/2002,757,ETTI,2
CAT071,6/21/2002,715,ETTI,3
CAT082,6/19/2002,615,ETTI,3
CAT083,6/19/2002,639,ETTI,3
CAT090,6/5/2002,812,ETTI,1
CAT090,6/20/2002,730,ETTI,2
CAT093,6/20/2002,652,ETTI,3
CAT100,6/5/2002,629,ETTI,1
CAT100,6/12/2002,919,ETTI,2
CAT110,5/31/2002,832,ETTI,1
CAT110,6/5/2002,901,ETTI,2
CAT122,5/24/2002,831,ETTI,1
CAT134,5/24/2002,701,ETTI,1
CAT134,6/6/2002,617,ETTI,2
CAT138,5/24/2002,801,ETTI,1
CAT138,6/6/2002,701,ETTI,2
CAT146,5/30/2002,800,ETTI,1
CAT146,6/20/2002,536,ETTI,3
CAT175,5/31/2002,640,ETTI,1
CAT179,6/15/2002,727,ETTI,3
CAT180,5/30/2002,645,ETTI,1
CAT181,5/30/2002,715,ETTI,1
CAT198,5/31/2002,805,ETTI,1
CAT198,5/31/2002,805,ETTI,1
CAT247,6/3/2002,755,ETTI,1
CAT247,6/15/2002,947,ETTI,3
CAT262,6/3/2002,653,ETTI,1
CAT269,5/31/2002,558,ETTI,1
CAT269,6/7/2002,847,ETTI,2
FCW052,6/9/2002,848,ETTI,3
FCW065,6/9/2002,536,ETTI,2
FCW082,6/4/2002,717,ETTI,1
FCW083,6/9/2002,649,ETTI,2
FCW083,6/12/2002,802,ETTI,3
FCW099,6/9/2002,711,ETTI,2
FCW129,6/4/2002,700,ETTI,1
FCW131,6/9/2002,609,ETTI,2
FCW131,7/2/2002,636,ETTI,3
FCW159,6/4/2002,747,ETTI,1
FCW159,6/11/2002,726,ETTI,2
FCW175,6/11/2002,757,ETTI,2
FCW182,6/17/2002,810,ETTI,2
FCW249,6/8/2002,639,ETTI,1
FCW249,6/18/2002,1013,ETTI,3
FCW281,6/16/2002,602,ETTI,3
FCW299,5/31/2002,613,ETTI,1
FCW311,6/16/2002,854,ETTI,3
FCW373,5/30/2002,825,ETTI,1
FCW373,6/16/2002,805,ETTI,3
FCW379,6/18/2002,845,ETTI,4
FCW388,5/30/2002,550,ETTI,1
FCW388,6/6/2002,837,ETTI,2
FCW388,6/17/2002,602,ETTI,3
FCW388,6/17/2002,602,ETTI,3
FCW413,6/6/2002,914,ETTI,2
FCW413,6/17/2002,718,ETTI,3
FCW486,6/2/2002,702,ETTI,1
FCW486,6/6/2002,638,ETTI,2
FCW486,6/17/2002,930,ETTI,3
FCW498,6/17/2002,1005,ETTI,3
CAT023,6/8/2002,842,FICR,2
CAT003,6/7/2002,734,GCFL,2
CAT004,6/7/2002,806,GCFL,2
CAT011,6/7/2002,914,GCFL,2
CAT017,5/30/2002,650,GCFL,1
CAT017,5/30/2002,650,GCFL,1
CAT023,6/13/2002,952,GCFL,3
CAT030,5/30/2002,609,GCFL,1
CAT061,6/5/2002,602,GCFL,1
CAT071,6/5/2002,745,GCFL,1
CAT082,6/5/2002,655,GCFL,1
CAT082,6/12/2002,900,GCFL,2
CAT082,6/19/2002,615,GCFL,3
CAT082,6/19/2002,615,GCFL,3
CAT083,6/5/2002,721,GCFL,1
CAT122,5/24/2002,831,GCFL,1
CAT122,6/6/2002,732,GCFL,2
CAT138,5/24/2002,801,GCFL,1
CAT138,6/6/2002,701,GCFL,2
CAT175,5/31/2002,640,GCFL,1
CAT198,5/31/2002,805,GCFL,1
CAT198,6/7/2002,724,GCFL,2
CAT198,6/22/2002,724,GCFL,3
CAT247,6/3/2002,755,GCFL,1
CAT247,6/15/2002,947,GCFL,3
CAT262,6/3/2002,653,GCFL,1
CAT269,6/7/2002,847,GCFL,2
CAT276,5/31/2002,731,GCFL,1
CAT276,6/7/2002,643,GCFL,2
CAT293,5/31/2002,855,GCFL,1
CAT346,6/22/2002,558,GCFL,3
FCW018,5/25/2002,711,GCFL,1
FCW052,6/4/2002,621,GCFL,2
FCW065,5/25/2002,550,GCFL,1
FCW065,6/12/2002,547,GCFL,3
FCW067,6/12/2002,622,GCFL,2
FCW099,6/4/2002,812,GCFL,1
FCW129,6/4/2002,700,GCFL,1
FCW129,6/11/2002,615,GCFL,2
FCW129,6/18/2002,817,GCFL,3
FCW159,6/4/2002,747,GCFL,1
FCW175,6/11/2002,757,GCFL,2
FCW182,6/18/2002,934,GCFL,3
FCW205,6/18/2002,600,GCFL,3
FCW264,6/5/2002,702,GCFL,1
FCW274,6/5/2002,735,GCFL,2
FCW274,6/16/2002,655,GCFL,3
FCW281,6/5/2002,858,GCFL,2
FCW292,5/25/2002,835,GCFL,1
FCW373,5/30/2002,825,GCFL,1
FCW388,6/17/2002,602,GCFL,3
FCW388,6/18/2002,808,GCFL,4
FCW432,6/6/2002,723,GCFL,2
FCW432,6/17/2002,856,GCFL,3
FCW441,5/26/2002,655,GCFL,1
FCW441,6/17/2002,834,GCFL,3
FCW450,6/17/2002,810,GCFL,3
FCW498,6/2/2002,740,GCFL,1
FCW498,6/6/2002,607,GCFL,2
CAT013,5/30/2002,927,GRCA,1
CAT013,6/7/2002,624,GRCA,2
CAT017,5/30/2002,650,GRCA,1
CAT017,6/8/2002,641,GRCA,2
CAT023,6/3/2002,550,GRCA,1
CAT023,6/8/2002,842,GRCA,2
CAT023,6/13/2002,952,GRCA,3
CAT071,6/20/2002,757,GRCA,2
CAT110,5/31/2002,832,GRCA,1
CAT110,6/5/2002,901,GRCA,2
CAT110,6/5/2002,901,GRCA,2
CAT110,6/20/2002,631,GRCA,3
CAT179,5/30/2002,600,GRCA,1
CAT179,6/15/2002,727,GRCA,3
CAT179,6/15/2002,727,GRCA,3
FCW052,6/4/2002,621,GRCA,2
FCW159,6/11/2002,726,GRCA,2
FCW264,6/5/2002,702,GRCA,1
FCW498,6/2/2002,740,GRCA,1
FCW498,6/6/2002,607,GRCA,2
CAT011,5/30/2002,726,HAWO,1
CAT013,6/7/2002,624,HAWO,2
CAT040,6/5/2002,858,HAWO,1
CAT071,6/5/2002,745,HAWO,1
CAT082,6/5/2002,655,HAWO,1
CAT083,6/5/2002,721,HAWO,1
CAT090,6/29/2002,641,HAWO,3
CAT134,5/24/2002,701,HAWO,1
CAT134,5/24/2002,701,HAWO,1
CAT138,6/6/2002,701,HAWO,2
CAT198,5/31/2002,805,HAWO,1
CAT198,6/22/2002,724,HAWO,3
CAT262,6/30/2002,715,HAWO,3
CAT269,6/7/2002,847,HAWO,2
CAT269,6/19/2002,920,HAWO,3
CAT276,6/22/2002,639,HAWO,3
FCW065,5/25/2002,550,HAWO,1
FCW129,6/11/2002,615,HAWO,2
FCW143,6/18/2002,750,HAWO,3
FCW175,6/4/2002,814,HAWO,1
FCW292,5/25/2002,835,HAWO,1
FCW311,5/31/2002,647,HAWO,1
FCW432,5/26/2002,722,HAWO,1
FCW432,6/6/2002,723,HAWO,2
FCW441,6/6/2002,743,HAWO,2
FCW450,5/26/2002,627,HAWO,1
FCW450,6/6/2002,802,HAWO,2
FCW486,6/2/2002,702,HAWO,1
FCW486,6/6/2002,638,HAWO,2
FCW498,6/2/2002,740,HAWO,1
CAT004,5/30/2002,813,HOWA,1
CAT004,6/13/2002,706,HOWA,3
CAT011,5/30/2002,726,HOWA,1
CAT013,5/30/2002,927,HOWA,1
CAT017,5/30/2002,650,HOWA,1
CAT017,6/13/2002,821,HOWA,3
CAT023,6/3/2002,550,HOWA,1
CAT061,6/5/2002,602,HOWA,1
CAT061,6/20/2002,1000,HOWA,2
CAT061,6/23/2002,610,HOWA,3
CAT061,6/23/2002,610,HOWA,3
CAT110,5/31/2002,832,HOWA,1
CAT110,6/5/2002,901,HOWA,2
CAT110,6/20/2002,631,HOWA,3
CAT110,6/20/2002,631,HOWA,3
CAT129,6/20/2002,600,HOWA,3
CAT179,5/30/2002,600,HOWA,1
CAT180,5/30/2002,645,HOWA,1
CAT180,6/6/2002,918,HOWA,2
CAT181,5/30/2002,715,HOWA,1
CAT262,6/3/2002,653,HOWA,1
CAT262,6/30/2002,715,HOWA,3
FCW018,6/5/2002,944,HOWA,2
FCW052,5/25/2002,621,HOWA,1
FCW052,6/4/2002,621,HOWA,2
FCW052,6/12/2002,648,HOWA,4
FCW052,6/12/2002,648,HOWA,4
FCW067,6/4/2002,649,HOWA,1
FCW083,6/4/2002,837,HOWA,1
FCW083,6/9/2002,649,HOWA,2
FCW083,6/9/2002,649,HOWA,2
FCW083,6/12/2002,802,HOWA,3
FCW085,6/4/2002,626,HOWA,2
FCW085,6/18/2002,900,HOWA,3
FCW099,6/4/2002,812,HOWA,1
FCW099,6/4/2002,812,HOWA,1
FCW099,6/9/2002,711,HOWA,2
FCW099,6/12/2002,831,HOWA,3
FCW131,6/4/2002,920,HOWA,1
FCW131,7/2/2002,636,HOWA,3
FCW143,6/11/2002,644,HOWA,2
FCW143,6/18/2002,750,HOWA,3
FCW143,6/18/2002,750,HOWA,3
FCW159,6/11/2002,726,HOWA,2
FCW159,6/18/2002,724,HOWA,3
FCW159,6/18/2002,724,HOWA,3
FCW175,6/4/2002,814,HOWA,1
FCW175,6/11/2002,757,HOWA,2
FCW175,6/18/2002,700,HOWA,3
FCW182,6/8/2002,605,HOWA,1
FCW182,6/17/2002,810,HOWA,2
FCW182,6/18/2002,934,HOWA,3
FCW205,6/4/2002,856,HOWA,1
FCW205,6/18/2002,600,HOWA,3
FCW249,6/17/2002,706,HOWA,2
FCW264,6/5/2002,702,HOWA,1
FCW264,6/8/2002,736,HOWA,2
FCW264,6/16/2002,714,HOWA,3
FCW265,6/8/2002,715,HOWA,2
FCW281,6/5/2002,858,HOWA,2
CAT023,6/3/2002,550,HOWR,1
CAT071,6/20/2002,757,HOWR,2
CAT179,6/15/2002,727,HOWR,3
CAT017,5/30/2002,650,INBU,1
CAT023,6/3/2002,550,INBU,1
CAT023,6/8/2002,842,INBU,2
CAT023,6/13/2002,952,INBU,3
CAT179,5/30/2002,600,INBU,1
FCW249,6/17/2002,706,INBU,2
FCW299,5/31/2002,613,INBU,1
FCW299,6/8/2002,834,INBU,2
FCW486,6/2/2002,702,INBU,1
CAT011,5/30/2002,726,KEWA,1
CAT013,5/30/2002,927,KEWA,1
CAT017,5/30/2002,650,KEWA,1
CAT017,6/13/2002,821,KEWA,3
CAT023,6/8/2002,842,KEWA,2
CAT110,6/20/2002,631,KEWA,3
CAT181,5/30/2002,715,KEWA,1
CAT181,6/6/2002,940,KEWA,2
FCW052,5/25/2002,621,KEWA,1
CAT030,5/30/2002,609,LOWA,1
CAT030,6/8/2002,725,LOWA,2
CAT030,6/13/2002,857,LOWA,3
CAT082,6/12/2002,900,LOWA,2
CAT082,6/19/2002,615,LOWA,3
CAT090,6/20/2002,730,LOWA,2
CAT093,5/31/2002,855,LOWA,1
CAT100,6/19/2002,552,LOWA,3
CAT110,5/31/2002,832,LOWA,1
CAT110,6/20/2002,631,LOWA,3
CAT179,5/30/2002,600,LOWA,1
CAT180,5/30/2002,645,LOWA,1
CAT180,6/15/2002,751,LOWA,3
CAT180,6/15/2002,751,LOWA,3
FCW085,6/18/2002,900,LOWA,3
FCW175,6/11/2002,757,LOWA,2
FCW175,6/18/2002,700,LOWA,3
FCW373,5/30/2002,825,LOWA,1
FCW388,6/17/2002,602,LOWA,3
CAT179,5/30/2002,600,MAWA,1
CAT023,6/3/2002,550,MODO,1
CAT068,6/19/2002,710,MODO,3
CAT071,6/20/2002,757,MODO,2
CAT082,6/19/2002,615,MODO,3
CAT090,6/20/2002,730,MODO,2
CAT100,6/19/2002,552,MODO,3
CAT100,6/19/2002,552,MODO,3
CAT179,5/30/2002,600,MODO,1
CAT179,6/15/2002,727,MODO,3
CAT180,5/30/2002,645,MODO,1
CAT198,5/31/2002,805,MODO,1
CAT198,6/22/2002,724,MODO,3
FCW018,5/25/2002,711,MODO,1
FCW018,6/8/2002,534,MODO,3
FCW052,6/4/2002,621,MODO,2
FCW281,6/5/2002,858,MODO,2
FCW292,6/5/2002,830,MODO,2
FCW299,5/31/2002,613,MODO,1
FCW299,6/16/2002,913,MODO,3
FCW311,5/31/2002,647,MODO,1
FCW379,5/30/2002,711,MODO,1
FCW388,6/17/2002,602,MODO,3
FCW450,6/17/2002,810,MODO,3
FCW498,6/17/2002,1005,MODO,3
CAT003,5/30/2002,844,NOCA,1
CAT003,6/7/2002,734,NOCA,2
CAT003,6/7/2002,734,NOCA,2
CAT004,5/30/2002,813,NOCA,1
CAT004,5/30/2002,813,NOCA,1
CAT004,5/30/2002,813,NOCA,1
CAT004,6/13/2002,706,NOCA,3
CAT011,5/30/2002,726,NOCA,1
CAT011,6/7/2002,914,NOCA,2
CAT011,6/7/2002,914,NOCA,2
CAT011,6/13/2002,754,NOCA,3
CAT013,5/30/2002,927,NOCA,1
CAT013,6/7/2002,624,NOCA,2
CAT013,6/13/2002,540,NOCA,3
CAT017,5/30/2002,650,NOCA,1
CAT017,6/8/2002,641,NOCA,2
CAT017,6/13/2002,821,NOCA,3
CAT023,6/3/2002,550,NOCA,1
CAT023,6/13/2002,952,NOCA,3
CAT040,6/5/2002,858,NOCA,1
CAT040,6/12/2002,736,NOCA,2
CAT040,6/12/2002,736,NOCA,2
CAT059,6/20/2002,919,NOCA,2
CAT061,6/5/2002,602,NOCA,1
CAT061,6/20/2002,1000,NOCA,2
CAT071,6/5/2002,745,NOCA,1
CAT071,6/20/2002,757,NOCA,2
CAT071,6/20/2002,757,NOCA,2
CAT071,6/21/2002,715,NOCA,3
CAT082,6/12/2002,900,NOCA,2
CAT100,6/19/2002,552,NOCA,3
CAT110,5/31/2002,832,NOCA,1
CAT110,6/5/2002,901,NOCA,2
CAT122,6/6/2002,732,NOCA,2
CAT129,5/30/2002,855,NOCA,1
CAT146,5/30/2002,800,NOCA,1
CAT146,6/20/2002,536,NOCA,3
CAT179,5/30/2002,600,NOCA,1
CAT179,6/15/2002,727,NOCA,3
CAT180,5/30/2002,645,NOCA,1
CAT180,6/6/2002,918,NOCA,2
CAT181,6/6/2002,940,NOCA,2
FCW082,6/4/2002,717,NOCA,1
FCW082,6/12/2002,727,NOCA,2
FCW085,5/25/2002,751,NOCA,1
FCW274,6/18/2002,620,NOCA,4
FCW299,5/31/2002,613,NOCA,1
FCW373,5/30/2002,825,NOCA,1
FCW441,5/26/2002,655,NOCA,1
FCW450,6/17/2002,810,NOCA,3
FCW498,6/2/2002,740,NOCA,1
FCW498,6/17/2002,1005,NOCA,3
CAT040,6/5/2002,858,NOPA,1
CAT040,6/19/2002,748,NOPA,3
CAT179,5/30/2002,600,OROR,1
CAT003,6/7/2002,734,OVEN,2
CAT004,5/30/2002,813,OVEN,1
CAT004,6/7/2002,806,OVEN,2
CAT004,6/13/2002,706,OVEN,3
CAT030,6/8/2002,725,OVEN,2
CAT030,6/8/2002,725,OVEN,2
CAT059,6/5/2002,637,OVEN,1
CAT059,6/20/2002,919,OVEN,2
CAT059,6/23/2002,645,OVEN,3
CAT061,6/5/2002,602,OVEN,1
CAT061,6/20/2002,1000,OVEN,2
CAT061,6/23/2002,610,OVEN,3
CAT082,6/5/2002,655,OVEN,1
CAT082,6/5/2002,655,OVEN,1
CAT082,6/19/2002,615,OVEN,3
CAT082,6/19/2002,615,OVEN,3
CAT083,6/5/2002,721,OVEN,1
CAT083,6/19/2002,639,OVEN,3
CAT083,6/19/2002,639,OVEN,3
CAT090,6/5/2002,812,OVEN,1
CAT090,6/20/2002,730,OVEN,2
CAT093,5/31/2002,855,OVEN,1
CAT093,6/20/2002,652,OVEN,3
CAT100,6/5/2002,629,OVEN,1
CAT100,6/5/2002,629,OVEN,1
CAT100,6/19/2002,552,OVEN,3
CAT100,6/19/2002,552,OVEN,3
CAT100,6/19/2002,552,OVEN,3
CAT110,6/5/2002,901,OVEN,2
CAT110,6/20/2002,631,OVEN,3
CAT110,6/20/2002,631,OVEN,3
CAT122,6/6/2002,732,OVEN,2
CAT122,6/12/2002,647,OVEN,3
CAT129,5/30/2002,855,OVEN,1
CAT129,6/20/2002,600,OVEN,3
CAT134,5/24/2002,701,OVEN,1
CAT134,6/6/2002,617,OVEN,2
CAT134,6/12/2002,546,OVEN,3
CAT138,5/24/2002,801,OVEN,1
CAT138,5/24/2002,801,OVEN,1
CAT138,6/6/2002,701,OVEN,2
CAT146,5/30/2002,800,OVEN,1
CAT146,6/20/2002,536,OVEN,3
CAT175,5/31/2002,640,OVEN,1
CAT175,6/19/2002,1000,OVEN,3
CAT179,6/15/2002,727,OVEN,3
CAT180,6/6/2002,918,OVEN,2
CAT180,6/15/2002,751,OVEN,3
CAT181,5/30/2002,715,OVEN,1
CAT181,6/6/2002,940,OVEN,2
CAT181,6/6/2002,940,OVEN,2
CAT181,6/6/2002,940,OVEN,2
CAT181,6/15/2002,817,OVEN,3
CAT262,6/3/2002,653,OVEN,1
CAT264,6/3/2002,728,OVEN,1
CAT276,6/7/2002,643,OVEN,2
CAT346,6/7/2002,546,OVEN,2
FCW018,5/25/2002,711,OVEN,1
FCW018,5/25/2002,711,OVEN,1
FCW018,6/5/2002,944,OVEN,2
FCW018,6/5/2002,944,OVEN,2
FCW018,6/8/2002,534,OVEN,3
FCW018,6/8/2002,534,OVEN,3
FCW052,5/25/2002,621,OVEN,1
FCW052,6/4/2002,621,OVEN,2
FCW052,6/12/2002,648,OVEN,4
FCW065,5/25/2002,550,OVEN,1
FCW065,6/9/2002,536,OVEN,2
FCW065,6/12/2002,547,OVEN,3
FCW067,6/4/2002,649,OVEN,1
FCW067,6/4/2002,649,OVEN,1
FCW067,6/9/2002,827,OVEN,2
FCW067,6/12/2002,622,OVEN,2
FCW082,6/4/2002,717,OVEN,1
FCW082,6/9/2002,806,OVEN,2
FCW082,6/12/2002,727,OVEN,2
FCW083,6/4/2002,837,OVEN,1
FCW083,6/4/2002,837,OVEN,1
FCW083,6/9/2002,649,OVEN,2
FCW083,6/12/2002,802,OVEN,3
FCW083,6/12/2002,802,OVEN,3
FCW085,5/25/2002,751,OVEN,1
FCW085,6/18/2002,900,OVEN,3
FCW085,6/18/2002,900,OVEN,3
FCW099,6/4/2002,812,OVEN,1
FCW099,6/4/2002,812,OVEN,1
FCW099,6/9/2002,711,OVEN,2
FCW112,6/4/2002,747,OVEN,1
FCW112,6/12/2002,902,OVEN,3
FCW129,6/4/2002,700,OVEN,1
FCW129,6/4/2002,700,OVEN,1
FCW129,6/11/2002,615,OVEN,2
FCW129,6/18/2002,817,OVEN,3
FCW131,6/4/2002,920,OVEN,1
FCW131,6/9/2002,609,OVEN,2
FCW131,7/2/2002,636,OVEN,3
FCW131,7/2/2002,636,OVEN,3
FCW143,6/4/2002,725,OVEN,1
FCW143,6/11/2002,644,OVEN,2
FCW143,6/18/2002,750,OVEN,3
FCW143,6/18/2002,750,OVEN,3
FCW159,6/4/2002,747,OVEN,1
FCW159,6/4/2002,747,OVEN,1
FCW159,6/11/2002,726,OVEN,2
FCW159,6/18/2002,724,OVEN,3
FCW159,6/18/2002,724,OVEN,3
FCW175,6/4/2002,814,OVEN,1
FCW175,6/11/2002,757,OVEN,2
FCW175,6/18/2002,700,OVEN,3
FCW175,6/18/2002,700,OVEN,3
FCW182,6/8/2002,605,OVEN,1
FCW182,6/8/2002,605,OVEN,1
FCW182,6/17/2002,810,OVEN,2
FCW182,6/18/2002,934,OVEN,3
FCW182,6/18/2002,934,OVEN,3
FCW191,6/4/2002,923,OVEN,1
FCW191,6/11/2002,906,OVEN,2
FCW191,6/11/2002,906,OVEN,2
FCW191,6/18/2002,628,OVEN,3
FCW191,6/18/2002,628,OVEN,3
FCW205,6/11/2002,840,OVEN,2
FCW205,6/18/2002,600,OVEN,3
FCW249,6/8/2002,639,OVEN,1
FCW249,6/17/2002,706,OVEN,2
FCW249,6/17/2002,706,OVEN,2
FCW249,6/18/2002,1013,OVEN,3
FCW249,6/18/2002,1013,OVEN,3
FCW264,6/5/2002,702,OVEN,1
FCW264,6/8/2002,736,OVEN,2
FCW265,6/5/2002,632,OVEN,1
FCW274,5/31/2002,833,OVEN,1
FCW274,6/5/2002,735,OVEN,2
FCW274,6/18/2002,620,OVEN,4
FCW274,6/18/2002,620,OVEN,4
FCW281,5/25/2002,854,OVEN,1
FCW281,6/5/2002,858,OVEN,2
FCW281,6/16/2002,602,OVEN,3
FCW281,6/17/2002,911,OVEN,4
FCW281,6/17/2002,911,OVEN,4
FCW292,5/25/2002,835,OVEN,1
FCW292,5/25/2002,835,OVEN,1
FCW292,6/5/2002,830,OVEN,2
FCW292,6/16/2002,622,OVEN,3
FCW292,6/17/2002,848,OVEN,4
FCW292,6/17/2002,848,OVEN,4
FCW298,5/31/2002,550,OVEN,1
FCW298,5/31/2002,550,OVEN,1
FCW298,6/8/2002,817,OVEN,2
FCW298,6/16/2002,932,OVEN,3
FCW299,5/31/2002,613,OVEN,1
FCW299,5/31/2002,613,OVEN,1
FCW299,6/8/2002,834,OVEN,2
FCW299,6/16/2002,913,OVEN,3
FCW311,5/31/2002,647,OVEN,1
FCW373,5/30/2002,825,OVEN,1
FCW373,6/8/2002,955,OVEN,2
FCW373,6/8/2002,955,OVEN,2
FCW373,6/18/2002,728,OVEN,4
FCW379,5/30/2002,711,OVEN,1
FCW379,5/30/2002,711,OVEN,1
FCW379,5/30/2002,711,OVEN,1
FCW379,6/6/2002,947,OVEN,2
FCW379,6/6/2002,947,OVEN,2
FCW379,6/17/2002,643,OVEN,3
FCW379,6/18/2002,845,OVEN,4
FCW388,5/30/2002,550,OVEN,1
FCW388,5/30/2002,550,OVEN,1
FCW388,6/6/2002,837,OVEN,2
FCW388,6/17/2002,602,OVEN,3
FCW388,6/17/2002,602,OVEN,3
FCW388,6/18/2002,808,OVEN,4
FCW388,6/18/2002,808,OVEN,4
FCW413,6/17/2002,718,OVEN,3
FCW413,6/17/2002,718,OVEN,3
FCW432,5/26/2002,722,OVEN,1
FCW432,6/6/2002,723,OVEN,2
FCW432,6/17/2002,856,OVEN,3
FCW432,6/17/2002,856,OVEN,3
FCW441,6/17/2002,834,OVEN,3
FCW441,6/17/2002,834,OVEN,3
FCW450,6/6/2002,802,OVEN,2
FCW450,6/17/2002,810,OVEN,3
FCW450,6/17/2002,810,OVEN,3
FCW486,6/17/2002,930,OVEN,3
FCW018,6/5/2002,944,PIWA,2
FCW018,6/8/2002,534,PIWA,3
FCW143,6/18/2002,750,PIWA,3
FCW388,6/6/2002,837,PIWA,2
FCW388,6/17/2002,602,PIWA,3
FCW498,6/17/2002,1005,PIWA,3
CAT003,5/30/2002,844,PIWO,1
CAT004,5/30/2002,813,PIWO,1
CAT011,5/30/2002,726,PIWO,1
CAT011,6/7/2002,914,PIWO,2
CAT017,5/30/2002,650,PIWO,1
CAT017,6/8/2002,641,PIWO,2
CAT023,6/3/2002,550,PIWO,1
CAT030,6/8/2002,725,PIWO,2
CAT068,6/5/2002,808,PIWO,1
CAT071,6/21/2002,715,PIWO,3
CAT083,6/5/2002,721,PIWO,1
CAT083,6/5/2002,721,PIWO,1
CAT090,6/29/2002,641,PIWO,3
CAT138,6/6/2002,701,PIWO,2
CAT179,5/30/2002,600,PIWO,1
CAT179,6/15/2002,727,PIWO,3
CAT247,6/3/2002,755,PIWO,1
CAT262,6/30/2002,715,PIWO,3
CAT269,5/31/2002,558,PIWO,1
FCW085,5/25/2002,751,PIWO,1
FCW159,6/11/2002,726,PIWO,2
FCW175,6/11/2002,757,PIWO,2
FCW182,6/17/2002,810,PIWO,2
FCW292,6/5/2002,830,PIWO,2
FCW373,6/18/2002,728,PIWO,4
FCW413,6/6/2002,914,PIWO,2
FCW486,6/2/2002,702,PIWO,1
CAT003,5/30/2002,844,RBWO,1
CAT004,5/30/2002,813,RBWO,1
CAT004,5/30/2002,813,RBWO,1
CAT011,5/30/2002,726,RBWO,1
CAT011,6/7/2002,914,RBWO,2
CAT013,6/13/2002,540,RBWO,3
CAT017,5/30/2002,650,RBWO,1
CAT017,6/8/2002,641,RBWO,2
CAT023,6/3/2002,550,RBWO,1
CAT023,6/8/2002,842,RBWO,2
CAT030,5/30/2002,609,RBWO,1
CAT030,6/8/2002,725,RBWO,2
CAT040,6/5/2002,858,RBWO,1
CAT040,6/19/2002,748,RBWO,3
CAT059,6/5/2002,637,RBWO,1
CAT059,6/23/2002,645,RBWO,3
CAT071,6/5/2002,745,RBWO,1
CAT071,6/20/2002,757,RBWO,2
CAT083,6/5/2002,721,RBWO,1
CAT090,6/5/2002,812,RBWO,1
CAT090,6/20/2002,730,RBWO,2
CAT100,6/5/2002,629,RBWO,1
CAT100,6/19/2002,552,RBWO,3
CAT110,5/31/2002,832,RBWO,1
CAT110,6/5/2002,901,RBWO,2
CAT122,5/24/2002,831,RBWO,1
CAT122,6/12/2002,647,RBWO,3
CAT129,5/30/2002,855,RBWO,1
CAT129,6/5/2002,926,RBWO,2
CAT129,6/5/2002,926,RBWO,2
CAT134,5/24/2002,701,RBWO,1
CAT134,6/6/2002,617,RBWO,2
CAT138,5/24/2002,801,RBWO,1
CAT138,6/12/2002,623,RBWO,3
CAT146,5/30/2002,800,RBWO,1
CAT146,6/5/2002,949,RBWO,2
CAT179,5/30/2002,600,RBWO,1
CAT179,6/6/2002,855,RBWO,2
CAT179,6/15/2002,727,RBWO,3
CAT180,5/30/2002,645,RBWO,1
CAT180,6/6/2002,918,RBWO,2
CAT181,6/6/2002,940,RBWO,2
CAT247,6/15/2002,947,RBWO,3
CAT262,6/15/2002,904,RBWO,2
CAT264,6/3/2002,728,RBWO,1
CAT264,6/7/2002,951,RBWO,2
CAT264,6/7/2002,951,RBWO,2
CAT269,5/31/2002,558,RBWO,1
CAT269,5/31/2002,558,RBWO,1
FCW085,6/18/2002,900,RBWO,3
FCW099,6/4/2002,812,RBWO,1
FCW129,6/4/2002,700,RBWO,1
FCW131,7/2/2002,636,RBWO,3
FCW175,6/11/2002,757,RBWO,2
FCW175,6/18/2002,700,RBWO,3
FCW264,6/5/2002,702,RBWO,1
FCW281,6/5/2002,858,RBWO,2
FCW413,6/17/2002,718,RBWO,3
FCW413,6/17/2002,718,RBWO,3
FCW432,6/17/2002,856,RBWO,3
FCW441,6/6/2002,743,RBWO,2
FCW441,6/17/2002,834,RBWO,3
FCW450,5/26/2002,627,RBWO,1
FCW450,6/6/2002,802,RBWO,2
FCW486,6/2/2002,702,RBWO,1
FCW486,6/6/2002,638,RBWO,2
FCW486,6/17/2002,930,RBWO,3
CAT003,5/30/2002,844,REVI,1
CAT003,5/30/2002,844,REVI,1
CAT003,6/13/2002,643,REVI,3
CAT004,5/30/2002,813,REVI,1
CAT004,6/13/2002,706,REVI,3
CAT011,5/30/2002,726,REVI,1
CAT011,5/30/2002,726,REVI,1
CAT011,6/7/2002,914,REVI,2
CAT011,6/13/2002,754,REVI,3
CAT013,5/30/2002,927,REVI,1
CAT013,5/30/2002,927,REVI,1
CAT013,6/7/2002,624,REVI,2
CAT013,6/13/2002,540,REVI,3
CAT017,5/30/2002,650,REVI,1
CAT017,5/30/2002,650,REVI,1
CAT017,6/8/2002,641,REVI,2
CAT017,6/13/2002,821,REVI,3
CAT017,6/13/2002,821,REVI,3
CAT023,6/3/2002,550,REVI,1
CAT023,6/8/2002,842,REVI,2
CAT023,6/13/2002,952,REVI,3
CAT030,5/30/2002,609,REVI,1
CAT030,6/8/2002,725,REVI,2
CAT030,6/13/2002,857,REVI,3
CAT040,6/5/2002,858,REVI,1
CAT040,6/12/2002,736,REVI,2
CAT040,6/19/2002,748,REVI,3
CAT040,6/19/2002,748,REVI,3
CAT059,6/5/2002,637,REVI,1
CAT059,6/20/2002,919,REVI,2
CAT059,6/23/2002,645,REVI,3
CAT061,6/5/2002,602,REVI,1
CAT061,6/20/2002,1000,REVI,2
CAT061,6/23/2002,610,REVI,3
CAT068,6/5/2002,808,REVI,1
CAT068,6/5/2002,808,REVI,1
CAT068,6/19/2002,710,REVI,3
CAT068,6/19/2002,710,REVI,3
CAT071,6/5/2002,745,REVI,1
CAT071,6/5/2002,745,REVI,1
CAT071,6/20/2002,757,REVI,2
CAT071,6/20/2002,757,REVI,2
CAT071,6/21/2002,715,REVI,3
CAT082,6/5/2002,655,REVI,1
CAT082,6/5/2002,655,REVI,1
CAT082,6/12/2002,900,REVI,2
CAT082,6/19/2002,615,REVI,3
CAT083,6/5/2002,721,REVI,1
CAT083,6/12/2002,840,REVI,2
CAT083,6/19/2002,639,REVI,3
CAT083,6/19/2002,639,REVI,3
CAT090,6/5/2002,812,REVI,1
CAT090,6/5/2002,812,REVI,1
CAT090,6/20/2002,730,REVI,2
CAT093,5/31/2002,855,REVI,1
CAT093,6/5/2002,843,REVI,2
CAT093,6/5/2002,843,REVI,2
CAT093,6/20/2002,652,REVI,3
CAT093,6/20/2002,652,REVI,3
CAT100,6/5/2002,629,REVI,1
CAT100,6/12/2002,919,REVI,2
CAT100,6/19/2002,552,REVI,3
CAT100,6/19/2002,552,REVI,3
CAT110,5/31/2002,832,REVI,1
CAT110,6/5/2002,901,REVI,2
CAT110,6/20/2002,631,REVI,3
CAT122,5/24/2002,831,REVI,1
CAT122,6/6/2002,732,REVI,2
CAT129,5/30/2002,855,REVI,1
CAT129,6/5/2002,926,REVI,2
CAT129,6/20/2002,600,REVI,3
CAT134,5/24/2002,701,REVI,1
CAT134,6/6/2002,617,REVI,2
CAT134,6/6/2002,617,REVI,2
CAT134,6/12/2002,546,REVI,3
CAT134,6/12/2002,546,REVI,3
CAT138,5/24/2002,801,REVI,1
CAT138,5/24/2002,801,REVI,1
CAT138,6/6/2002,701,REVI,2
CAT138,6/12/2002,623,REVI,3
CAT138,6/12/2002,623,REVI,3
CAT138,6/12/2002,623,REVI,3
CAT146,5/30/2002,800,REVI,1
CAT146,6/5/2002,949,REVI,2
CAT146,6/5/2002,949,REVI,2
CAT146,6/20/2002,536,REVI,3
CAT146,6/20/2002,536,REVI,3
CAT175,5/31/2002,640,REVI,1
CAT175,5/31/2002,640,REVI,1
CAT175,6/7/2002,807,REVI,2
CAT175,6/19/2002,1000,REVI,3
CAT179,5/30/2002,600,REVI,1
CAT179,6/6/2002,855,REVI,2
CAT179,6/6/2002,855,REVI,2
CAT179,6/15/2002,727,REVI,3
CAT179,6/15/2002,727,REVI,3
CAT180,5/30/2002,645,REVI,1
CAT180,6/6/2002,918,REVI,2
CAT180,6/6/2002,918,REVI,2
CAT180,6/15/2002,751,REVI,3
CAT180,6/15/2002,751,REVI,3
CAT181,5/30/2002,715,REVI,1
CAT181,6/6/2002,940,REVI,2
CAT181,6/15/2002,817,REVI,3
CAT198,5/31/2002,805,REVI,1
CAT198,6/7/2002,724,REVI,2
CAT198,6/22/2002,724,REVI,3
CAT198,6/22/2002,724,REVI,3
CAT247,6/3/2002,755,REVI,1
CAT247,6/7/2002,929,REVI,2
CAT262,6/3/2002,653,REVI,1
CAT262,6/15/2002,904,REVI,2
CAT262,6/30/2002,715,REVI,3
CAT264,6/3/2002,728,REVI,1
CAT264,6/7/2002,951,REVI,2
CAT269,5/31/2002,558,REVI,1
CAT269,5/31/2002,558,REVI,1
CAT269,5/31/2002,558,REVI,1
CAT269,6/7/2002,847,REVI,2
CAT269,6/19/2002,920,REVI,3
CAT269,6/19/2002,920,REVI,3
CAT276,5/31/2002,731,REVI,1
CAT276,5/31/2002,731,REVI,1
CAT293,5/31/2002,855,REVI,1
CAT293,6/7/2002,615,REVI,2
CAT346,5/31/2002,1015,REVI,1
CAT346,5/31/2002,1015,REVI,1
FCW018,6/5/2002,944,REVI,2
FCW018,6/8/2002,534,REVI,3
FCW052,6/4/2002,621,REVI,2
FCW052,6/4/2002,621,REVI,2
FCW052,6/4/2002,621,REVI,2
FCW052,6/9/2002,848,REVI,3
FCW065,5/25/2002,550,REVI,1
FCW065,6/9/2002,536,REVI,2
FCW065,6/9/2002,536,REVI,2
FCW065,6/12/2002,547,REVI,3
FCW067,6/4/2002,649,REVI,1
FCW067,6/4/2002,649,REVI,1
FCW067,6/9/2002,827,REVI,2
FCW067,6/9/2002,827,REVI,2
FCW067,6/12/2002,622,REVI,2
FCW082,6/4/2002,717,REVI,1
FCW082,6/4/2002,717,REVI,1
FCW082,6/9/2002,806,REVI,2
FCW082,6/9/2002,806,REVI,2
FCW082,6/12/2002,727,REVI,2
FCW083,6/4/2002,837,REVI,1
FCW083,6/4/2002,837,REVI,1
FCW083,6/9/2002,649,REVI,2
FCW083,6/9/2002,649,REVI,2
FCW083,6/12/2002,802,REVI,3
FCW085,5/25/2002,751,REVI,1
FCW085,6/4/2002,626,REVI,2
FCW085,6/18/2002,900,REVI,3
FCW099,6/4/2002,812,REVI,1
FCW099,6/9/2002,711,REVI,2
FCW112,6/4/2002,747,REVI,1
FCW112,6/4/2002,747,REVI,1
FCW112,6/4/2002,747,REVI,1
FCW112,6/9/2002,740,REVI,2
FCW112,6/12/2002,902,REVI,3
FCW129,6/4/2002,700,REVI,1
FCW129,6/11/2002,615,REVI,2
FCW129,6/18/2002,817,REVI,3
FCW129,6/18/2002,817,REVI,3
FCW131,6/4/2002,920,REVI,1
FCW131,6/9/2002,609,REVI,2
FCW131,7/2/2002,636,REVI,3
FCW143,6/4/2002,725,REVI,1
FCW143,6/18/2002,750,REVI,3
FCW143,6/18/2002,750,REVI,3
FCW159,6/4/2002,747,REVI,1
FCW159,6/11/2002,726,REVI,2
FCW159,6/18/2002,724,REVI,3
FCW159,6/18/2002,724,REVI,3
FCW175,6/4/2002,814,REVI,1
FCW175,6/11/2002,757,REVI,2
FCW175,6/18/2002,700,REVI,3
FCW175,6/18/2002,700,REVI,3
FCW175,6/18/2002,700,REVI,3
FCW182,6/8/2002,605,REVI,1
FCW182,6/17/2002,810,REVI,2
FCW182,6/18/2002,934,REVI,3
FCW191,6/4/2002,923,REVI,1
FCW191,6/18/2002,628,REVI,3
FCW205,6/4/2002,856,REVI,1
FCW205,6/4/2002,856,REVI,1
FCW205,6/11/2002,840,REVI,2
FCW205,6/18/2002,600,REVI,3
FCW205,6/18/2002,600,REVI,3
FCW249,6/8/2002,639,REVI,1
FCW249,6/8/2002,639,REVI,1
FCW249,6/17/2002,706,REVI,2
FCW249,6/18/2002,1013,REVI,3
FCW264,6/5/2002,702,REVI,1
FCW264,6/8/2002,736,REVI,2
FCW264,6/16/2002,714,REVI,3
FCW265,6/5/2002,632,REVI,1
FCW265,6/5/2002,632,REVI,1
FCW265,6/8/2002,715,REVI,2
FCW265,6/16/2002,734,REVI,3
FCW274,5/31/2002,833,REVI,1
FCW274,6/5/2002,735,REVI,2
FCW274,6/16/2002,655,REVI,3
FCW274,6/18/2002,620,REVI,4
FCW281,6/5/2002,858,REVI,2
FCW281,6/5/2002,858,REVI,2
FCW292,5/25/2002,835,REVI,1
FCW292,5/25/2002,835,REVI,1
FCW292,6/5/2002,830,REVI,2
FCW292,6/5/2002,830,REVI,2
FCW292,6/16/2002,622,REVI,3
FCW292,6/16/2002,622,REVI,3
FCW298,5/31/2002,550,REVI,1
FCW298,6/8/2002,817,REVI,2
FCW298,6/8/2002,817,REVI,2
FCW298,6/16/2002,932,REVI,3
FCW298,6/16/2002,932,REVI,3
FCW299,5/31/2002,613,REVI,1
FCW299,6/8/2002,834,REVI,2
FCW299,6/8/2002,834,REVI,2
FCW299,6/16/2002,913,REVI,3
FCW311,5/31/2002,647,REVI,1
FCW311,6/8/2002,853,REVI,2
FCW311,6/16/2002,854,REVI,3
FCW311,6/16/2002,854,REVI,3
FCW373,5/30/2002,825,REVI,1
FCW373,6/8/2002,955,REVI,2
FCW373,6/18/2002,728,REVI,4
FCW379,6/6/2002,947,REVI,2
FCW379,6/17/2002,643,REVI,3
FCW379,6/17/2002,643,REVI,3
FCW379,6/18/2002,845,REVI,4
FCW388,5/30/2002,550,REVI,1
FCW388,6/6/2002,837,REVI,2
FCW388,6/6/2002,837,REVI,2
FCW388,6/17/2002,602,REVI,3
FCW388,6/17/2002,602,REVI,3
FCW413,5/30/2002,630,REVI,1
FCW413,6/6/2002,914,REVI,2
FCW413,6/17/2002,718,REVI,3
FCW413,6/18/2002,949,REVI,4
FCW432,5/26/2002,722,REVI,1
FCW432,6/6/2002,723,REVI,2
FCW432,6/17/2002,856,REVI,3
FCW432,6/17/2002,856,REVI,3
FCW441,5/26/2002,655,REVI,1
FCW441,6/6/2002,743,REVI,2
FCW441,6/17/2002,834,REVI,3
FCW450,5/26/2002,627,REVI,1
FCW450,6/6/2002,802,REVI,2
FCW450,6/17/2002,810,REVI,3
FCW450,6/17/2002,810,REVI,3
FCW486,6/2/2002,702,REVI,1
FCW486,6/6/2002,638,REVI,2
FCW486,6/6/2002,638,REVI,2
FCW486,6/17/2002,930,REVI,3
FCW498,6/6/2002,607,REVI,2
FCW498,6/17/2002,1005,REVI,3
FCW085,5/25/2002,751,RSHA,1
CAT090,6/5/2002,812,RTHA,1
CAT146,6/5/2002,949,RTHA,2
CAT179,5/30/2002,600,RTHA,1
CAT180,6/6/2002,918,RTHA,2
CAT180,6/15/2002,751,RTHA,3
CAT011,6/13/2002,754,RTHU,3
CAT061,6/5/2002,602,RTHU,1
CAT146,5/30/2002,800,RTHU,1
CAT262,6/3/2002,653,RTHU,1
FCW018,6/8/2002,534,RTHU,3
FCW175,6/4/2002,814,RTHU,1
FCW274,6/5/2002,735,RTHU,2
FCW373,6/8/2002,955,RTHU,2
CAT003,5/30/2002,844,SCTA,1
CAT003,6/13/2002,643,SCTA,3
CAT004,5/30/2002,813,SCTA,1
CAT004,6/7/2002,806,SCTA,2
CAT011,6/7/2002,914,SCTA,2
CAT013,5/30/2002,927,SCTA,1
CAT013,6/7/2002,624,SCTA,2
CAT013,6/13/2002,540,SCTA,3
CAT017,5/30/2002,650,SCTA,1
CAT017,6/8/2002,641,SCTA,2
CAT017,6/8/2002,641,SCTA,2
CAT017,6/13/2002,821,SCTA,3
CAT017,6/13/2002,821,SCTA,3
CAT023,6/3/2002,550,SCTA,1
CAT023,6/8/2002,842,SCTA,2
CAT030,5/30/2002,609,SCTA,1
CAT030,5/30/2002,609,SCTA,1
CAT040,6/5/2002,858,SCTA,1
CAT040,6/19/2002,748,SCTA,3
CAT059,6/23/2002,645,SCTA,3
CAT059,6/23/2002,645,SCTA,3
CAT061,6/20/2002,1000,SCTA,2
CAT061,6/23/2002,610,SCTA,3
CAT068,6/5/2002,808,SCTA,1
CAT068,6/12/2002,809,SCTA,2
CAT068,6/19/2002,710,SCTA,3
CAT068,6/19/2002,710,SCTA,3
CAT071,6/5/2002,745,SCTA,1
CAT071,6/20/2002,757,SCTA,2
CAT071,6/21/2002,715,SCTA,3
CAT082,6/5/2002,655,SCTA,1
CAT082,6/19/2002,615,SCTA,3
CAT083,6/5/2002,721,SCTA,1
CAT083,6/19/2002,639,SCTA,3
CAT090,6/29/2002,641,SCTA,3
CAT093,6/5/2002,843,SCTA,2
CAT093,6/5/2002,843,SCTA,2
CAT093,6/20/2002,652,SCTA,3
CAT100,6/19/2002,552,SCTA,3
CAT110,6/5/2002,901,SCTA,2
CAT110,6/20/2002,631,SCTA,3
CAT122,5/24/2002,831,SCTA,1
CAT122,5/24/2002,831,SCTA,1
CAT122,6/6/2002,732,SCTA,2
CAT122,6/12/2002,647,SCTA,3
CAT129,5/30/2002,855,SCTA,1
CAT129,6/5/2002,926,SCTA,2
CAT129,6/20/2002,600,SCTA,3
CAT134,5/24/2002,701,SCTA,1
CAT134,6/6/2002,617,SCTA,2
CAT134,6/12/2002,546,SCTA,3
CAT138,5/24/2002,801,SCTA,1
CAT138,6/6/2002,701,SCTA,2
CAT138,6/12/2002,623,SCTA,3
CAT146,6/5/2002,949,SCTA,2
CAT146,6/20/2002,536,SCTA,3
CAT175,5/31/2002,640,SCTA,1
CAT175,5/31/2002,640,SCTA,1
CAT175,6/19/2002,1000,SCTA,3
CAT179,5/30/2002,600,SCTA,1
CAT179,6/6/2002,855,SCTA,2
CAT179,6/15/2002,727,SCTA,3
CAT180,5/30/2002,645,SCTA,1
CAT180,6/6/2002,918,SCTA,2
CAT180,6/15/2002,751,SCTA,3
CAT181,5/30/2002,715,SCTA,1
CAT181,6/15/2002,817,SCTA,3
CAT198,5/31/2002,805,SCTA,1
CAT247,6/3/2002,755,SCTA,1
CAT247,6/7/2002,929,SCTA,2
CAT247,6/15/2002,947,SCTA,3
CAT262,6/3/2002,653,SCTA,1
CAT262,6/15/2002,904,SCTA,2
CAT264,6/3/2002,728,SCTA,1
CAT264,6/15/2002,927,SCTA,3
CAT264,6/15/2002,927,SCTA,3
CAT269,5/31/2002,558,SCTA,1
CAT276,5/31/2002,731,SCTA,1
CAT276,6/22/2002,639,SCTA,3
CAT293,5/31/2002,855,SCTA,1
CAT293,6/22/2002,825,SCTA,3
CAT346,5/31/2002,1015,SCTA,1
CAT346,6/7/2002,546,SCTA,2
FCW018,5/25/2002,711,SCTA,1
FCW018,6/5/2002,944,SCTA,2
FCW018,6/5/2002,944,SCTA,2
FCW018,6/8/2002,534,SCTA,3
FCW052,6/4/2002,621,SCTA,2
FCW065,5/25/2002,550,SCTA,1
FCW065,5/25/2002,550,SCTA,1
FCW065,6/9/2002,536,SCTA,2
FCW067,6/4/2002,649,SCTA,1
FCW082,6/4/2002,717,SCTA,1
FCW082,6/12/2002,727,SCTA,2
FCW083,6/4/2002,837,SCTA,1
FCW083,6/9/2002,649,SCTA,2
FCW083,6/12/2002,802,SCTA,3
FCW085,6/18/2002,900,SCTA,3
FCW099,6/4/2002,812,SCTA,1
FCW099,6/4/2002,812,SCTA,1
FCW112,6/4/2002,747,SCTA,1
FCW112,6/4/2002,747,SCTA,1
FCW112,6/9/2002,740,SCTA,2
FCW131,6/4/2002,920,SCTA,1
FCW143,6/11/2002,644,SCTA,2
FCW143,6/18/2002,750,SCTA,3
FCW143,6/18/2002,750,SCTA,3
FCW159,6/4/2002,747,SCTA,1
FCW159,6/11/2002,726,SCTA,2
FCW175,6/11/2002,757,SCTA,2
FCW175,6/18/2002,700,SCTA,3
FCW182,6/8/2002,605,SCTA,1
FCW182,6/18/2002,934,SCTA,3
FCW191,6/11/2002,906,SCTA,2
FCW191,6/18/2002,628,SCTA,3
FCW191,6/18/2002,628,SCTA,3
FCW205,6/4/2002,856,SCTA,1
FCW205,6/18/2002,600,SCTA,3
FCW249,6/17/2002,706,SCTA,2
FCW249,6/18/2002,1013,SCTA,3
FCW264,6/8/2002,736,SCTA,2
FCW264,6/16/2002,714,SCTA,3
FCW265,6/5/2002,632,SCTA,1
FCW265,6/8/2002,715,SCTA,2
FCW274,6/5/2002,735,SCTA,2
FCW274,6/18/2002,620,SCTA,4
FCW281,6/5/2002,858,SCTA,2
FCW281,6/17/2002,911,SCTA,4
FCW281,6/17/2002,911,SCTA,4
FCW299,5/31/2002,613,SCTA,1
FCW299,6/8/2002,834,SCTA,2
FCW299,6/16/2002,913,SCTA,3
FCW373,6/18/2002,728,SCTA,4
FCW379,6/17/2002,643,SCTA,3
FCW379,6/18/2002,845,SCTA,4
FCW388,6/17/2002,602,SCTA,3
FCW388,6/18/2002,808,SCTA,4
FCW413,6/17/2002,718,SCTA,3
FCW413,6/18/2002,949,SCTA,4
FCW432,6/6/2002,723,SCTA,2
FCW432,6/6/2002,723,SCTA,2
FCW432,6/6/2002,723,SCTA,2
FCW441,5/26/2002,655,SCTA,1
FCW441,6/6/2002,743,SCTA,2
FCW441,6/17/2002,834,SCTA,3
FCW441,6/17/2002,834,SCTA,3
FCW450,5/26/2002,627,SCTA,1
FCW450,6/6/2002,802,SCTA,2
FCW450,6/17/2002,810,SCTA,3
FCW486,6/2/2002,702,SCTA,1
FCW486,6/6/2002,638,SCTA,2
FCW486,6/17/2002,930,SCTA,3
FCW486,6/17/2002,930,SCTA,3
FCW498,6/17/2002,1005,SCTA,3
FCW292,5/25/2002,835,SWTH,1
CAT023,6/3/2002,550,VEER,1
CAT030,5/30/2002,609,VEER,1
CAT090,6/20/2002,730,VEER,2
CAT110,5/31/2002,832,VEER,1
CAT110,6/5/2002,901,VEER,2
CAT110,6/20/2002,631,VEER,3
CAT110,6/20/2002,631,VEER,3
CAT110,6/20/2002,631,VEER,3
CAT180,5/30/2002,645,VEER,1
CAT180,6/6/2002,918,VEER,2
CAT180,6/6/2002,918,VEER,2
CAT180,6/6/2002,918,VEER,2
CAT180,6/15/2002,751,VEER,3
CAT181,6/6/2002,940,VEER,2
CAT181,6/6/2002,940,VEER,2
CAT181,6/15/2002,817,VEER,3
CAT262,6/3/2002,653,VEER,1
FCW067,6/4/2002,649,VEER,1
FCW067,6/4/2002,649,VEER,1
FCW067,6/12/2002,622,VEER,2
FCW082,6/9/2002,806,VEER,2
FCW083,6/4/2002,837,VEER,1
FCW085,6/4/2002,626,VEER,2
FCW085,6/18/2002,900,VEER,3
FCW175,6/11/2002,757,VEER,2
FCW373,6/8/2002,955,VEER,2
CAT011,6/7/2002,914,WBNU,2
CAT013,6/13/2002,540,WBNU,3
CAT040,6/19/2002,748,WBNU,3
CAT059,6/5/2002,637,WBNU,1
CAT059,6/20/2002,919,WBNU,2
CAT059,6/23/2002,645,WBNU,3
CAT061,6/20/2002,1000,WBNU,2
CAT061,6/23/2002,610,WBNU,3
CAT082,6/5/2002,655,WBNU,1
CAT082,6/12/2002,900,WBNU,2
CAT090,6/20/2002,730,WBNU,2
CAT090,6/29/2002,641,WBNU,3
CAT093,6/20/2002,652,WBNU,3
CAT110,6/20/2002,631,WBNU,3
CAT122,5/24/2002,831,WBNU,1
CAT129,6/20/2002,600,WBNU,3
CAT138,6/12/2002,623,WBNU,3
CAT146,6/20/2002,536,WBNU,3
CAT146,6/20/2002,536,WBNU,3
CAT175,6/19/2002,1000,WBNU,3
CAT179,5/30/2002,600,WBNU,1
CAT180,6/6/2002,918,WBNU,2
CAT180,6/6/2002,918,WBNU,2
CAT180,6/15/2002,751,WBNU,3
CAT180,6/15/2002,751,WBNU,3
CAT198,6/7/2002,724,WBNU,2
CAT293,5/31/2002,855,WBNU,1
FCW065,6/12/2002,547,WBNU,3
FCW082,6/4/2002,717,WBNU,1
FCW159,6/4/2002,747,WBNU,1
FCW159,6/18/2002,724,WBNU,3
FCW265,6/8/2002,715,WBNU,2
FCW274,6/18/2002,620,WBNU,4
FCW299,6/8/2002,834,WBNU,2
FCW311,6/16/2002,854,WBNU,3
FCW373,6/8/2002,955,WBNU,2
FCW379,6/6/2002,947,WBNU,2
FCW388,6/17/2002,602,WBNU,3
FCW388,6/18/2002,808,WBNU,4
FCW413,6/17/2002,718,WBNU,3
FCW432,5/26/2002,722,WBNU,1
FCW432,6/6/2002,723,WBNU,2
FCW498,6/17/2002,1005,WBNU,3
CAT198,5/31/2002,805,WEWA,1
CAT276,6/22/2002,639,WEWA,3
CAT293,6/22/2002,825,WEWA,3
CAT346,5/31/2002,1015,WEWA,1
CAT346,6/7/2002,546,WEWA,2
CAT346,6/22/2002,558,WEWA,3
FCW085,6/4/2002,626,WEWA,2
FCW129,6/4/2002,700,WEWA,1
FCW129,6/11/2002,615,WEWA,2
FCW143,6/11/2002,644,WEWA,2
FCW159,6/4/2002,747,WEWA,1
FCW175,6/18/2002,700,WEWA,3
FCW182,6/8/2002,605,WEWA,1
FCW182,6/17/2002,810,WEWA,2
FCW182,6/18/2002,934,WEWA,3
FCW182,6/18/2002,934,WEWA,3
FCW191,6/18/2002,628,WEWA,3
FCW205,6/4/2002,856,WEWA,1
FCW205,6/11/2002,840,WEWA,2
FCW249,6/8/2002,639,WEWA,1
FCW249,6/17/2002,706,WEWA,2
FCW249,6/17/2002,706,WEWA,2
FCW249,6/18/2002,1013,WEWA,3
FCW249,6/18/2002,1013,WEWA,3
FCW264,6/8/2002,736,WEWA,2
FCW265,6/5/2002,632,WEWA,1
FCW265,6/16/2002,734,WEWA,3
FCW281,6/5/2002,858,WEWA,2
FCW292,6/17/2002,848,WEWA,4
FCW311,5/31/2002,647,WEWA,1
FCW379,6/17/2002,643,WEWA,3
FCW388,5/30/2002,550,WEWA,1
FCW388,6/17/2002,602,WEWA,3
FCW388,6/18/2002,808,WEWA,4
FCW413,5/30/2002,630,WEWA,1
FCW413,6/6/2002,914,WEWA,2
FCW432,6/6/2002,723,WEWA,2
FCW432,6/17/2002,856,WEWA,3
FCW486,6/2/2002,702,WEWA,1
FCW498,6/2/2002,740,WEWA,1
FCW498,6/6/2002,607,WEWA,2
FCW498,6/6/2002,607,WEWA,2
FCW498,6/17/2002,1005,WEWA,3
CAT004,6/13/2002,706,WITU,3
CAT068,6/5/2002,808,WITU,1
CAT083,6/5/2002,721,WITU,1
FCW379,5/30/2002,711,WITU,1
FCW441,5/26/2002,655,WITU,1
CAT003,5/30/2002,844,WOTH,1
CAT003,6/7/2002,734,WOTH,2
CAT003,6/13/2002,643,WOTH,3
CAT003,6/13/2002,643,WOTH,3
CAT004,5/30/2002,813,WOTH,1
CAT004,6/7/2002,806,WOTH,2
CAT004,6/13/2002,706,WOTH,3
CAT013,5/30/2002,927,WOTH,1
CAT013,5/30/2002,927,WOTH,1
CAT013,6/7/2002,624,WOTH,2
CAT013,6/13/2002,540,WOTH,3
CAT017,5/30/2002,650,WOTH,1
CAT017,6/8/2002,641,WOTH,2
CAT017,6/13/2002,821,WOTH,3
CAT023,6/3/2002,550,WOTH,1
CAT023,6/8/2002,842,WOTH,2
CAT023,6/8/2002,842,WOTH,2
CAT023,6/13/2002,952,WOTH,3
CAT023,6/13/2002,952,WOTH,3
CAT030,5/30/2002,609,WOTH,1
CAT030,5/30/2002,609,WOTH,1
CAT030,6/8/2002,725,WOTH,2
CAT030,6/13/2002,857,WOTH,3
CAT040,6/19/2002,748,WOTH,3
CAT059,6/5/2002,637,WOTH,1
CAT059,6/20/2002,919,WOTH,2
CAT059,6/20/2002,919,WOTH,2
CAT059,6/23/2002,645,WOTH,3
CAT061,6/5/2002,602,WOTH,1
CAT061,6/20/2002,1000,WOTH,2
CAT061,6/20/2002,1000,WOTH,2
CAT061,6/23/2002,610,WOTH,3
CAT068,6/19/2002,710,WOTH,3
CAT071,6/5/2002,745,WOTH,1
CAT071,6/20/2002,757,WOTH,2
CAT071,6/20/2002,757,WOTH,2
CAT071,6/21/2002,715,WOTH,3
CAT071,6/21/2002,715,WOTH,3
CAT082,6/5/2002,655,WOTH,1
CAT082,6/12/2002,900,WOTH,2
CAT082,6/12/2002,900,WOTH,2
CAT082,6/19/2002,615,WOTH,3
CAT082,6/19/2002,615,WOTH,3
CAT083,6/19/2002,639,WOTH,3
CAT090,6/20/2002,730,WOTH,2
CAT090,6/20/2002,730,WOTH,2
CAT090,6/29/2002,641,WOTH,3
CAT093,5/31/2002,855,WOTH,1
CAT093,6/5/2002,843,WOTH,2
CAT093,6/5/2002,843,WOTH,2
CAT093,6/20/2002,652,WOTH,3
CAT100,6/5/2002,629,WOTH,1
CAT100,6/19/2002,552,WOTH,3
CAT110,5/31/2002,832,WOTH,1
CAT110,6/5/2002,901,WOTH,2
CAT110,6/20/2002,631,WOTH,3
CAT122,5/24/2002,831,WOTH,1
CAT122,5/24/2002,831,WOTH,1
CAT122,5/24/2002,831,WOTH,1
CAT122,6/6/2002,732,WOTH,2
CAT122,6/12/2002,647,WOTH,3
CAT122,6/12/2002,647,WOTH,3
CAT129,5/30/2002,855,WOTH,1
CAT129,6/20/2002,600,WOTH,3
CAT129,6/20/2002,600,WOTH,3
CAT134,5/24/2002,701,WOTH,1
CAT134,5/24/2002,701,WOTH,1
CAT134,6/6/2002,617,WOTH,2
CAT134,6/12/2002,546,WOTH,3
CAT138,6/6/2002,701,WOTH,2
CAT146,5/30/2002,800,WOTH,1
CAT146,6/5/2002,949,WOTH,2
CAT146,6/20/2002,536,WOTH,3
CAT175,5/31/2002,640,WOTH,1
CAT175,6/19/2002,1000,WOTH,3
CAT179,5/30/2002,600,WOTH,1
CAT179,6/6/2002,855,WOTH,2
CAT180,5/30/2002,645,WOTH,1
CAT180,6/6/2002,918,WOTH,2
CAT181,5/30/2002,715,WOTH,1
CAT181,5/30/2002,715,WOTH,1
CAT181,6/6/2002,940,WOTH,2
CAT181,6/15/2002,817,WOTH,3
CAT198,6/7/2002,724,WOTH,2
CAT247,6/3/2002,755,WOTH,1
CAT247,6/7/2002,929,WOTH,2
CAT262,6/3/2002,653,WOTH,1
CAT262,6/30/2002,715,WOTH,3
CAT264,6/3/2002,728,WOTH,1
CAT264,6/15/2002,927,WOTH,3
CAT264,6/15/2002,927,WOTH,3
CAT269,5/31/2002,558,WOTH,1
CAT269,5/31/2002,558,WOTH,1
CAT269,6/19/2002,920,WOTH,3
CAT276,5/31/2002,731,WOTH,1
CAT346,6/7/2002,546,WOTH,2
FCW018,5/25/2002,711,WOTH,1
FCW052,6/4/2002,621,WOTH,2
FCW052,6/4/2002,621,WOTH,2
FCW052,6/12/2002,648,WOTH,4
FCW067,6/12/2002,622,WOTH,2
FCW082,6/4/2002,717,WOTH,1
FCW082,6/12/2002,727,WOTH,2
FCW085,6/4/2002,626,WOTH,2
FCW085,6/18/2002,900,WOTH,3
FCW099,6/4/2002,812,WOTH,1
FCW112,6/4/2002,747,WOTH,1
FCW129,6/4/2002,700,WOTH,1
FCW129,6/11/2002,615,WOTH,2
FCW129,6/18/2002,817,WOTH,3
FCW159,6/4/2002,747,WOTH,1
FCW159,6/18/2002,724,WOTH,3
FCW175,6/11/2002,757,WOTH,2
FCW175,6/18/2002,700,WOTH,3
FCW175,6/18/2002,700,WOTH,3
FCW182,6/18/2002,934,WOTH,3
FCW205,6/18/2002,600,WOTH,3
FCW249,6/18/2002,1013,WOTH,3
FCW264,6/5/2002,702,WOTH,1
FCW264,6/5/2002,702,WOTH,1
FCW281,5/25/2002,854,WOTH,1
FCW292,6/17/2002,848,WOTH,4
FCW311,5/31/2002,647,WOTH,1
FCW311,6/16/2002,854,WOTH,3
FCW379,6/6/2002,947,WOTH,2
FCW379,6/17/2002,643,WOTH,3
FCW388,6/17/2002,602,WOTH,3
FCW413,6/17/2002,718,WOTH,3
FCW413,6/18/2002,949,WOTH,4
FCW432,5/26/2002,722,WOTH,1
FCW432,6/17/2002,856,WOTH,3
FCW441,5/26/2002,655,WOTH,1
FCW441,6/6/2002,743,WOTH,2
FCW441,6/17/2002,834,WOTH,3
FCW441,6/17/2002,834,WOTH,3
FCW450,5/26/2002,627,WOTH,1
FCW450,6/6/2002,802,WOTH,2
FCW450,6/17/2002,810,WOTH,3
FCW450,6/17/2002,810,WOTH,3
FCW486,6/2/2002,702,WOTH,1
FCW486,6/6/2002,638,WOTH,2
FCW486,6/17/2002,930,WOTH,3
FCW085,6/4/2002,626,WPWI,2
CAT003,6/7/2002,734,YBCU,2
CAT013,5/30/2002,927,YBCU,1
CAT040,6/5/2002,858,YBCU,1
CAT100,6/5/2002,629,YBCU,1
CAT175,5/31/2002,640,YBCU,1
CAT198,5/31/2002,805,YBCU,1
FCW112,6/12/2002,902,YBCU,3
FCW299,5/31/2002,613,YBCU,1
FCW373,6/8/2002,955,YBCU,2
FCW441,6/6/2002,743,YBCU,2
FCW450,5/26/2002,627,YBCU,1
FCW450,6/6/2002,802,YBCU,2
FCW486,6/2/2002,702,YBCU,1
FCW498,6/2/2002,740,YBCU,1
CAT030,5/30/2002,609,YSFL,1
CAT030,5/30/2002,609,YSFL,1
CAT071,6/5/2002,745,YSFL,1
CAT071,6/21/2002,715,YSFL,3
CAT082,6/5/2002,655,YSFL,1
CAT093,5/31/2002,855,YSFL,1
CAT138,6/6/2002,701,YSFL,2
CAT175,5/31/2002,640,YSFL,1
CAT179,6/15/2002,727,YSFL,3
CAT262,6/30/2002,715,YSFL,3
CAT293,5/31/2002,855,YSFL,1
FCW085,6/18/2002,900,YSFL,3
FCW498,6/17/2002,1005,YSFL,3
CAT003,6/7/2002,734,YTVI,2
CAT004,6/13/2002,706,YTVI,3
CAT011,5/30/2002,726,YTVI,1
CAT011,6/7/2002,914,YTVI,2
CAT011,6/13/2002,754,YTVI,3
CAT017,5/30/2002,650,YTVI,1
CAT017,6/13/2002,821,YTVI,3
CAT040,6/5/2002,858,YTVI,1
CAT040,6/12/2002,736,YTVI,2
CAT059,6/20/2002,919,YTVI,2
CAT061,6/5/2002,602,YTVI,1
CAT071,6/5/2002,745,YTVI,1
CAT129,5/30/2002,855,YTVI,1
CAT129,6/5/2002,926,YTVI,2
CAT129,6/20/2002,600,YTVI,3
CAT138,5/24/2002,801,YTVI,1
CAT146,5/30/2002,800,YTVI,1
CAT146,6/20/2002,536,YTVI,3
CAT247,6/7/2002,929,YTVI,2
CAT264,6/7/2002,951,YTVI,2
FCW131,7/2/2002,636,YTVI,3
FCW373,5/30/2002,825,YTVI,1
